timestamp,value,beta_kubernetes_io_arch,beta_kubernetes_io_os,cpu,id,instance,job,kubernetes_io_arch,kubernetes_io_hostname,kubernetes_io_os,minikube_k8s_io_commit,minikube_k8s_io_name,minikube_k8s_io_primary,minikube_k8s_io_updated_at,minikube_k8s_io_version,namespace,pod
1780612683,0.008055228557205415,amd64,linux,total,/kubepods/burstable/pod01f3d20f-3032-49e2-b152-1c794ff8cf8f,minikube,kubernetes-cadvisor,amd64,minikube,linux,c93a4cb9311efc66b90d33ea03f75f2c4120e9b0,minikube,true,2026_05_10T19_19_17_0700,v1.38.1,online-boutique,productcatalogservice-c4cfd98fb-n5rmd
1780612698,0.007486229009897683,amd64,linux,total,/kubepods/burstable/pod01f3d20f-3032-49e2-b152-1c794ff8cf8f,minikube,kubernetes-cadvisor,amd64,minikube,linux,c93a4cb9311efc66b90d33ea03f75f2c4120e9b0,minikube,true,2026_05_10T19_19_17_0700,v1.38.1,online-boutique,productcatalogservice-c4cfd98fb-n5rmd
1780612713,0.00733924202055324,amd64,linux,total,/kubepods/burstable/pod01f3d20f-3032-49e2-b152-1c794ff8cf8f,minikube,kubernetes-cadvisor,amd64,minikube,linux,c93a4cb9311efc66b90d33ea03f75f2c4120e9b0,minikube,true,2026_05_10T19_19_17_0700,v1.38.1,online-boutique,productcatalogservice-c4cfd98fb-n5rmd
1780612728,0.007041135121062509,amd64,linux,total,/kubepods/burstable/pod01f3d20f-3032-49e2-b152-1c794ff8cf8f,minikube,kubernetes-cadvisor,amd64,minikube,linux,c93a4cb9311efc66b90d33ea03f75f2c4120e9b0,minikube,true,2026_05_10T19_19_17_0700,v1.38.1,online-boutique,productcatalogservice-c4cfd98fb-n5rmd
1780612743,0.0073536459713269,amd64,linux,total,/kubepods/burstable/pod01f3d20f-3032-49e2-b152-1c794ff8cf8f,minikube,kubernetes-cadvisor,amd64,minikube,linux,c93a4cb9311efc66b90d33ea03f75f2c4120e9b0,minikube,true,2026_05_10T19_19_17_0700,v1.38.1,online-boutique,productcatalogservice-c4cfd98fb-n5rmd
1780612758,0.007094392608026403,amd64,linux,total,/kubepods/burstable/pod01f3d20f-3032-49e2-b152-1c794ff8cf8f,minikube,kubernetes-cadvisor,amd64,minikube,linux,c93a4cb9311efc66b90d33ea03f75f2c4120e9b0,minikube,true,2026_05_10T19_19_17_0700,v1.38.1,online-boutique,productcatalogservice-c4cfd98fb-n5rmd
1780612773,0.006520168884028563,amd64,linux,total,/kubepods/burstable/pod01f3d20f-3032-49e2-b152-1c794ff8cf8f,minikube,kubernetes-cadvisor,amd64,minikube,linux,c93a4cb9311efc66b90d33ea03f75f2c4120e9b0,minikube,true,2026_05_10T19_19_17_0700,v1.38.1,online-boutique,productcatalogservice-c4cfd98fb-n5rmd
1780612788,0.006504383783111309,amd64,linux,total,/kubepods/burstable/pod01f3d20f-3032-49e2-b152-1c794ff8cf8f,minikube,kubernetes-cadvisor,amd64,minikube,linux,c93a4cb9311efc66b90d33ea03f75f2c4120e9b0,minikube,true,2026_05_10T19_19_17_0700,v1.38.1,online-boutique,productcatalogservice-c4cfd98fb-n5rmd
1780612803,0.006778581427904788,amd64,linux,total,/kubepods/burstable/pod01f3d20f-3032-49e2-b152-1c794ff8cf8f,minikube,kubernetes-cadvisor,amd64,minikube,linux,c93a4cb9311efc66b90d33ea03f75f2c4120e9b0,minikube,true,2026_05_10T19_19_17_0700,v1.38.1,online-boutique,productcatalogservice-c4cfd98fb-n5rmd
1780612818,0.006718280973244935,amd64,linux,total,/kubepods/burstable/pod01f3d20f-3032-49e2-b152-1c794ff8cf8f,minikube,kubernetes-cadvisor,amd64,minikube,linux,c93a4cb9311efc66b90d33ea03f75f2c4120e9b0,minikube,true,2026_05_10T19_19_17_0700,v1.38.1,online-boutique,productcatalogservice-c4cfd98fb-n5rmd
1780612833,0.006686147345214369,amd64,linux,total,/kubepods/burstable/pod01f3d20f-3032-49e2-b152-1c794ff8cf8f,minikube,kubernetes-cadvisor,amd64,minikube,linux,c93a4cb9311efc66b90d33ea03f75f2c4120e9b0,minikube,true,2026_05_10T19_19_17_0700,v1.38.1,online-boutique,productcatalogservice-c4cfd98fb-n5rmd
1780612848,0.006384676639554382,amd64,linux,total,/kubepods/burstable/pod01f3d20f-3032-49e2-b152-1c794ff8cf8f,minikube,kubernetes-cadvisor,amd64,minikube,linux,c93a4cb9311efc66b90d33ea03f75f2c4120e9b0,minikube,true,2026_05_10T19_19_17_0700,v1.38.1,online-boutique,productcatalogservice-c4cfd98fb-n5rmd
1780612863,0.006799124800135023,amd64,linux,total,/kubepods/burstable/pod01f3d20f-3032-49e2-b152-1c794ff8cf8f,minikube,kubernetes-cadvisor,amd64,minikube,linux,c93a4cb9311efc66b90d33ea03f75f2c4120e9b0,minikube,true,2026_05_10T19_19_17_0700,v1.38.1,online-boutique,productcatalogservice-c4cfd98fb-n5rmd
1780612878,0.00768299404803229,amd64,linux,total,/kubepods/burstable/pod01f3d20f-3032-49e2-b152-1c794ff8cf8f,minikube,kubernetes-cadvisor,amd64,minikube,linux,c93a4cb9311efc66b90d33ea03f75f2c4120e9b0,minikube,true,2026_05_10T19_19_17_0700,v1.38.1,online-boutique,productcatalogservice-c4cfd98fb-n5rmd
1780612893,0.0066712519057777345,amd64,linux,total,/kubepods/burstable/pod01f3d20f-3032-49e2-b152-1c794ff8cf8f,minikube,kubernetes-cadvisor,amd64,minikube,linux,c93a4cb9311efc66b90d33ea03f75f2c4120e9b0,minikube,true,2026_05_10T19_19_17_0700,v1.38.1,online-boutique,productcatalogservice-c4cfd98fb-n5rmd
1780612908,0.007506980215139898,amd64,linux,total,/kubepods/burstable/pod01f3d20f-3032-49e2-b152-1c794ff8cf8f,minikube,kubernetes-cadvisor,amd64,minikube,linux,c93a4cb9311efc66b90d33ea03f75f2c4120e9b0,minikube,true,2026_05_10T19_19_17_0700,v1.38.1,online-boutique,productcatalogservice-c4cfd98fb-n5rmd
1780612923,0.007859107415286257,amd64,linux,total,/kubepods/burstable/pod01f3d20f-3032-49e2-b152-1c794ff8cf8f,minikube,kubernetes-cadvisor,amd64,minikube,linux,c93a4cb9311efc66b90d33ea03f75f2c4120e9b0,minikube,true,2026_05_10T19_19_17_0700,v1.38.1,online-boutique,productcatalogservice-c4cfd98fb-n5rmd
1780612938,0.007924877149877434,amd64,linux,total,/kubepods/burstable/pod01f3d20f-3032-49e2-b152-1c794ff8cf8f,minikube,kubernetes-cadvisor,amd64,minikube,linux,c93a4cb9311efc66b90d33ea03f75f2c4120e9b0,minikube,true,2026_05_10T19_19_17_0700,v1.38.1,online-boutique,productcatalogservice-c4cfd98fb-n5rmd
1780612953,0.008461031418781613,amd64,linux,total,/kubepods/burstable/pod01f3d20f-3032-49e2-b152-1c794ff8cf8f,minikube,kubernetes-cadvisor,amd64,minikube,linux,c93a4cb9311efc66b90d33ea03f75f2c4120e9b0,minikube,true,2026_05_10T19_19_17_0700,v1.38.1,online-boutique,productcatalogservice-c4cfd98fb-n5rmd
1780612968,0.006683565959399775,amd64,linux,total,/kubepods/burstable/pod01f3d20f-3032-49e2-b152-1c794ff8cf8f,minikube,kubernetes-cadvisor,amd64,minikube,linux,c93a4cb9311efc66b90d33ea03f75f2c4120e9b0,minikube,true,2026_05_10T19_19_17_0700,v1.38.1,online-boutique,productcatalogservice-c4cfd98fb-n5rmd
1780612983,0.006361902816085616,amd64,linux,total,/kubepods/burstable/pod01f3d20f-3032-49e2-b152-1c794ff8cf8f,minikube,kubernetes-cadvisor,amd64,minikube,linux,c93a4cb9311efc66b90d33ea03f75f2c4120e9b0,minikube,true,2026_05_10T19_19_17_0700,v1.38.1,online-boutique,productcatalogservice-c4cfd98fb-n5rmd
1780612998,0.004662112110626536,amd64,linux,total,/kubepods/burstable/pod01f3d20f-3032-49e2-b152-1c794ff8cf8f,minikube,kubernetes-cadvisor,amd64,minikube,linux,c93a4cb9311efc66b90d33ea03f75f2c4120e9b0,minikube,true,2026_05_10T19_19_17_0700,v1.38.1,online-boutique,productcatalogservice-c4cfd98fb-n5rmd
1780613013,0.007592538925626746,amd64,linux,total,/kubepods/burstable/pod01f3d20f-3032-49e2-b152-1c794ff8cf8f,minikube,kubernetes-cadvisor,amd64,minikube,linux,c93a4cb9311efc66b90d33ea03f75f2c4120e9b0,minikube,true,2026_05_10T19_19_17_0700,v1.38.1,online-boutique,productcatalogservice-c4cfd98fb-n5rmd
1780613028,0.006410964446794271,amd64,linux,total,/kubepods/burstable/pod01f3d20f-3032-49e2-b152-1c794ff8cf8f,minikube,kubernetes-cadvisor,amd64,minikube,linux,c93a4cb9311efc66b90d33ea03f75f2c4120e9b0,minikube,true,2026_05_10T19_19_17_0700,v1.38.1,online-boutique,productcatalogservice-c4cfd98fb-n5rmd
1780613043,0.008242689740241137,amd64,linux,total,/kubepods/burstable/pod01f3d20f-3032-49e2-b152-1c794ff8cf8f,minikube,kubernetes-cadvisor,amd64,minikube,linux,c93a4cb9311efc66b90d33ea03f75f2c4120e9b0,minikube,true,2026_05_10T19_19_17_0700,v1.38.1,online-boutique,productcatalogservice-c4cfd98fb-n5rmd
1780612683,0.0020357476730480657,amd64,linux,total,/kubepods/burstable/pod187940fe-085c-49fa-8e70-566b8297dee8,minikube,kubernetes-cadvisor,amd64,minikube,linux,c93a4cb9311efc66b90d33ea03f75f2c4120e9b0,minikube,true,2026_05_10T19_19_17_0700,v1.38.1,online-boutique,adservice-64dd5464b8-75dzr
1780612698,0.0022076206152543253,amd64,linux,total,/kubepods/burstable/pod187940fe-085c-49fa-8e70-566b8297dee8,minikube,kubernetes-cadvisor,amd64,minikube,linux,c93a4cb9311efc66b90d33ea03f75f2c4120e9b0,minikube,true,2026_05_10T19_19_17_0700,v1.38.1,online-boutique,adservice-64dd5464b8-75dzr
1780612713,0.0021959706134221813,amd64,linux,total,/kubepods/burstable/pod187940fe-085c-49fa-8e70-566b8297dee8,minikube,kubernetes-cadvisor,amd64,minikube,linux,c93a4cb9311efc66b90d33ea03f75f2c4120e9b0,minikube,true,2026_05_10T19_19_17_0700,v1.38.1,online-boutique,adservice-64dd5464b8-75dzr
1780612728,0.002195970613422181,amd64,linux,total,/kubepods/burstable/pod187940fe-085c-49fa-8e70-566b8297dee8,minikube,kubernetes-cadvisor,amd64,minikube,linux,c93a4cb9311efc66b90d33ea03f75f2c4120e9b0,minikube,true,2026_05_10T19_19_17_0700,v1.38.1,online-boutique,adservice-64dd5464b8-75dzr
1780612743,0.0017005513639004675,amd64,linux,total,/kubepods/burstable/pod187940fe-085c-49fa-8e70-566b8297dee8,minikube,kubernetes-cadvisor,amd64,minikube,linux,c93a4cb9311efc66b90d33ea03f75f2c4120e9b0,minikube,true,2026_05_10T19_19_17_0700,v1.38.1,online-boutique,adservice-64dd5464b8-75dzr
1780612758,0.0017417199897620179,amd64,linux,total,/kubepods/burstable/pod187940fe-085c-49fa-8e70-566b8297dee8,minikube,kubernetes-cadvisor,amd64,minikube,linux,c93a4cb9311efc66b90d33ea03f75f2c4120e9b0,minikube,true,2026_05_10T19_19_17_0700,v1.38.1,online-boutique,adservice-64dd5464b8-75dzr
1780612773,0.0017844588866908198,amd64,linux,total,/kubepods/burstable/pod187940fe-085c-49fa-8e70-566b8297dee8,minikube,kubernetes-cadvisor,amd64,minikube,linux,c93a4cb9311efc66b90d33ea03f75f2c4120e9b0,minikube,true,2026_05_10T19_19_17_0700,v1.38.1,online-boutique,adservice-64dd5464b8-75dzr
1780612788,0.0019031279091416126,amd64,linux,total,/kubepods/burstable/pod187940fe-085c-49fa-8e70-566b8297dee8,minikube,kubernetes-cadvisor,amd64,minikube,linux,c93a4cb9311efc66b90d33ea03f75f2c4120e9b0,minikube,true,2026_05_10T19_19_17_0700,v1.38.1,online-boutique,adservice-64dd5464b8-75dzr
1780612803,0.001985873876790931,amd64,linux,total,/kubepods/burstable/pod187940fe-085c-49fa-8e70-566b8297dee8,minikube,kubernetes-cadvisor,amd64,minikube,linux,c93a4cb9311efc66b90d33ea03f75f2c4120e9b0,minikube,true,2026_05_10T19_19_17_0700,v1.38.1,online-boutique,adservice-64dd5464b8-75dzr
1780612818,0.0020460233803980443,amd64,linux,total,/kubepods/burstable/pod187940fe-085c-49fa-8e70-566b8297dee8,minikube,kubernetes-cadvisor,amd64,minikube,linux,c93a4cb9311efc66b90d33ea03f75f2c4120e9b0,minikube,true,2026_05_10T19_19_17_0700,v1.38.1,online-boutique,adservice-64dd5464b8-75dzr
1780612833,0.0015833781290113041,amd64,linux,total,/kubepods/burstable/pod187940fe-085c-49fa-8e70-566b8297dee8,minikube,kubernetes-cadvisor,amd64,minikube,linux,c93a4cb9311efc66b90d33ea03f75f2c4120e9b0,minikube,true,2026_05_10T19_19_17_0700,v1.38.1,online-boutique,adservice-64dd5464b8-75dzr
1780612848,0.0020152955860662726,amd64,linux,total,/kubepods/burstable/pod187940fe-085c-49fa-8e70-566b8297dee8,minikube,kubernetes-cadvisor,amd64,minikube,linux,c93a4cb9311efc66b90d33ea03f75f2c4120e9b0,minikube,true,2026_05_10T19_19_17_0700,v1.38.1,online-boutique,adservice-64dd5464b8-75dzr
1780612863,0.0016728528132372255,amd64,linux,total,/kubepods/burstable/pod187940fe-085c-49fa-8e70-566b8297dee8,minikube,kubernetes-cadvisor,amd64,minikube,linux,c93a4cb9311efc66b90d33ea03f75f2c4120e9b0,minikube,true,2026_05_10T19_19_17_0700,v1.38.1,online-boutique,adservice-64dd5464b8-75dzr
1780612878,0.002158783890663935,amd64,linux,total,/kubepods/burstable/pod187940fe-085c-49fa-8e70-566b8297dee8,minikube,kubernetes-cadvisor,amd64,minikube,linux,c93a4cb9311efc66b90d33ea03f75f2c4120e9b0,minikube,true,2026_05_10T19_19_17_0700,v1.38.1,online-boutique,adservice-64dd5464b8-75dzr
1780612893,0.0014232592343160994,amd64,linux,total,/kubepods/burstable/pod187940fe-085c-49fa-8e70-566b8297dee8,minikube,kubernetes-cadvisor,amd64,minikube,linux,c93a4cb9311efc66b90d33ea03f75f2c4120e9b0,minikube,true,2026_05_10T19_19_17_0700,v1.38.1,online-boutique,adservice-64dd5464b8-75dzr
1780612908,0.0021146792520585576,amd64,linux,total,/kubepods/burstable/pod187940fe-085c-49fa-8e70-566b8297dee8,minikube,kubernetes-cadvisor,amd64,minikube,linux,c93a4cb9311efc66b90d33ea03f75f2c4120e9b0,minikube,true,2026_05_10T19_19_17_0700,v1.38.1,online-boutique,adservice-64dd5464b8-75dzr
1780612923,0.002149045060590767,amd64,linux,total,/kubepods/burstable/pod187940fe-085c-49fa-8e70-566b8297dee8,minikube,kubernetes-cadvisor,amd64,minikube,linux,c93a4cb9311efc66b90d33ea03f75f2c4120e9b0,minikube,true,2026_05_10T19_19_17_0700,v1.38.1,online-boutique,adservice-64dd5464b8-75dzr
1780612938,0.0017518838358581564,amd64,linux,total,/kubepods/burstable/pod187940fe-085c-49fa-8e70-566b8297dee8,minikube,kubernetes-cadvisor,amd64,minikube,linux,c93a4cb9311efc66b90d33ea03f75f2c4120e9b0,minikube,true,2026_05_10T19_19_17_0700,v1.38.1,online-boutique,adservice-64dd5464b8-75dzr
1780612953,0.002039057239057293,amd64,linux,total,/kubepods/burstable/pod187940fe-085c-49fa-8e70-566b8297dee8,minikube,kubernetes-cadvisor,amd64,minikube,linux,c93a4cb9311efc66b90d33ea03f75f2c4120e9b0,minikube,true,2026_05_10T19_19_17_0700,v1.38.1,online-boutique,adservice-64dd5464b8-75dzr
1780612968,0.001975853114968349,amd64,linux,total,/kubepods/burstable/pod187940fe-085c-49fa-8e70-566b8297dee8,minikube,kubernetes-cadvisor,amd64,minikube,linux,c93a4cb9311efc66b90d33ea03f75f2c4120e9b0,minikube,true,2026_05_10T19_19_17_0700,v1.38.1,online-boutique,adservice-64dd5464b8-75dzr
1780612983,0.0018710855187667262,amd64,linux,total,/kubepods/burstable/pod187940fe-085c-49fa-8e70-566b8297dee8,minikube,kubernetes-cadvisor,amd64,minikube,linux,c93a4cb9311efc66b90d33ea03f75f2c4120e9b0,minikube,true,2026_05_10T19_19_17_0700,v1.38.1,online-boutique,adservice-64dd5464b8-75dzr
1780612998,0.0019109360259058007,amd64,linux,total,/kubepods/burstable/pod187940fe-085c-49fa-8e70-566b8297dee8,minikube,kubernetes-cadvisor,amd64,minikube,linux,c93a4cb9311efc66b90d33ea03f75f2c4120e9b0,minikube,true,2026_05_10T19_19_17_0700,v1.38.1,online-boutique,adservice-64dd5464b8-75dzr
1780613013,0.00182567054688101,amd64,linux,total,/kubepods/burstable/pod187940fe-085c-49fa-8e70-566b8297dee8,minikube,kubernetes-cadvisor,amd64,minikube,linux,c93a4cb9311efc66b90d33ea03f75f2c4120e9b0,minikube,true,2026_05_10T19_19_17_0700,v1.38.1,online-boutique,adservice-64dd5464b8-75dzr
1780613028,0.0018741774675969643,amd64,linux,total,/kubepods/burstable/pod187940fe-085c-49fa-8e70-566b8297dee8,minikube,kubernetes-cadvisor,amd64,minikube,linux,c93a4cb9311efc66b90d33ea03f75f2c4120e9b0,minikube,true,2026_05_10T19_19_17_0700,v1.38.1,online-boutique,adservice-64dd5464b8-75dzr
1780613043,0.0018896040780181432,amd64,linux,total,/kubepods/burstable/pod187940fe-085c-49fa-8e70-566b8297dee8,minikube,kubernetes-cadvisor,amd64,minikube,linux,c93a4cb9311efc66b90d33ea03f75f2c4120e9b0,minikube,true,2026_05_10T19_19_17_0700,v1.38.1,online-boutique,adservice-64dd5464b8-75dzr
1780612683,0.0011119460240093073,amd64,linux,total,/kubepods/burstable/pod2dbfba94-4edb-4d67-a5a7-d60278acbfdd,minikube,kubernetes-cadvisor,amd64,minikube,linux,c93a4cb9311efc66b90d33ea03f75f2c4120e9b0,minikube,true,2026_05_10T19_19_17_0700,v1.38.1,online-boutique,checkoutservice-dcf4c5c7b-82zmn
1780612698,0.00022988809250136633,amd64,linux,total,/kubepods/burstable/pod2dbfba94-4edb-4d67-a5a7-d60278acbfdd,minikube,kubernetes-cadvisor,amd64,minikube,linux,c93a4cb9311efc66b90d33ea03f75f2c4120e9b0,minikube,true,2026_05_10T19_19_17_0700,v1.38.1,online-boutique,checkoutservice-dcf4c5c7b-82zmn
1780612713,0.0004292126252833336,amd64,linux,total,/kubepods/burstable/pod2dbfba94-4edb-4d67-a5a7-d60278acbfdd,minikube,kubernetes-cadvisor,amd64,minikube,linux,c93a4cb9311efc66b90d33ea03f75f2c4120e9b0,minikube,true,2026_05_10T19_19_17_0700,v1.38.1,online-boutique,checkoutservice-dcf4c5c7b-82zmn
1780612728,0.0005153531543367824,amd64,linux,total,/kubepods/burstable/pod2dbfba94-4edb-4d67-a5a7-d60278acbfdd,minikube,kubernetes-cadvisor,amd64,minikube,linux,c93a4cb9311efc66b90d33ea03f75f2c4120e9b0,minikube,true,2026_05_10T19_19_17_0700,v1.38.1,online-boutique,checkoutservice-dcf4c5c7b-82zmn
1780612743,0.0012735715632660135,amd64,linux,total,/kubepods/burstable/pod2dbfba94-4edb-4d67-a5a7-d60278acbfdd,minikube,kubernetes-cadvisor,amd64,minikube,linux,c93a4cb9311efc66b90d33ea03f75f2c4120e9b0,minikube,true,2026_05_10T19_19_17_0700,v1.38.1,online-boutique,checkoutservice-dcf4c5c7b-82zmn
1780612758,0.0014502084298286565,amd64,linux,total,/kubepods/burstable/pod2dbfba94-4edb-4d67-a5a7-d60278acbfdd,minikube,kubernetes-cadvisor,amd64,minikube,linux,c93a4cb9311efc66b90d33ea03f75f2c4120e9b0,minikube,true,2026_05_10T19_19_17_0700,v1.38.1,online-boutique,checkoutservice-dcf4c5c7b-82zmn
1780612773,0.0015287018673053356,amd64,linux,total,/kubepods/burstable/pod2dbfba94-4edb-4d67-a5a7-d60278acbfdd,minikube,kubernetes-cadvisor,amd64,minikube,linux,c93a4cb9311efc66b90d33ea03f75f2c4120e9b0,minikube,true,2026_05_10T19_19_17_0700,v1.38.1,online-boutique,checkoutservice-dcf4c5c7b-82zmn
1780612788,0.0014244400155972304,amd64,linux,total,/kubepods/burstable/pod2dbfba94-4edb-4d67-a5a7-d60278acbfdd,minikube,kubernetes-cadvisor,amd64,minikube,linux,c93a4cb9311efc66b90d33ea03f75f2c4120e9b0,minikube,true,2026_05_10T19_19_17_0700,v1.38.1,online-boutique,checkoutservice-dcf4c5c7b-82zmn
1780612803,0.0011286573664805192,amd64,linux,total,/kubepods/burstable/pod2dbfba94-4edb-4d67-a5a7-d60278acbfdd,minikube,kubernetes-cadvisor,amd64,minikube,linux,c93a4cb9311efc66b90d33ea03f75f2c4120e9b0,minikube,true,2026_05_10T19_19_17_0700,v1.38.1,online-boutique,checkoutservice-dcf4c5c7b-82zmn
1780612818,0.0015397439504782804,amd64,linux,total,/kubepods/burstable/pod2dbfba94-4edb-4d67-a5a7-d60278acbfdd,minikube,kubernetes-cadvisor,amd64,minikube,linux,c93a4cb9311efc66b90d33ea03f75f2c4120e9b0,minikube,true,2026_05_10T19_19_17_0700,v1.38.1,online-boutique,checkoutservice-dcf4c5c7b-82zmn
1780612833,0.001051773829024124,amd64,linux,total,/kubepods/burstable/pod2dbfba94-4edb-4d67-a5a7-d60278acbfdd,minikube,kubernetes-cadvisor,amd64,minikube,linux,c93a4cb9311efc66b90d33ea03f75f2c4120e9b0,minikube,true,2026_05_10T19_19_17_0700,v1.38.1,online-boutique,checkoutservice-dcf4c5c7b-82zmn
1780612848,0.001169659442724492,amd64,linux,total,/kubepods/burstable/pod2dbfba94-4edb-4d67-a5a7-d60278acbfdd,minikube,kubernetes-cadvisor,amd64,minikube,linux,c93a4cb9311efc66b90d33ea03f75f2c4120e9b0,minikube,true,2026_05_10T19_19_17_0700,v1.38.1,online-boutique,checkoutservice-dcf4c5c7b-82zmn
1780612863,0.0007441944847606657,amd64,linux,total,/kubepods/burstable/pod2dbfba94-4edb-4d67-a5a7-d60278acbfdd,minikube,kubernetes-cadvisor,amd64,minikube,linux,c93a4cb9311efc66b90d33ea03f75f2c4120e9b0,minikube,true,2026_05_10T19_19_17_0700,v1.38.1,online-boutique,checkoutservice-dcf4c5c7b-82zmn
1780612878,0.0018087077747989022,amd64,linux,total,/kubepods/burstable/pod2dbfba94-4edb-4d67-a5a7-d60278acbfdd,minikube,kubernetes-cadvisor,amd64,minikube,linux,c93a4cb9311efc66b90d33ea03f75f2c4120e9b0,minikube,true,2026_05_10T19_19_17_0700,v1.38.1,online-boutique,checkoutservice-dcf4c5c7b-82zmn
1780612893,0.0019633571113227906,amd64,linux,total,/kubepods/burstable/pod2dbfba94-4edb-4d67-a5a7-d60278acbfdd,minikube,kubernetes-cadvisor,amd64,minikube,linux,c93a4cb9311efc66b90d33ea03f75f2c4120e9b0,minikube,true,2026_05_10T19_19_17_0700,v1.38.1,online-boutique,checkoutservice-dcf4c5c7b-82zmn
1780612908,0.00161165291375692,amd64,linux,total,/kubepods/burstable/pod2dbfba94-4edb-4d67-a5a7-d60278acbfdd,minikube,kubernetes-cadvisor,amd64,minikube,linux,c93a4cb9311efc66b90d33ea03f75f2c4120e9b0,minikube,true,2026_05_10T19_19_17_0700,v1.38.1,online-boutique,checkoutservice-dcf4c5c7b-82zmn
1780612923,0.0020846544318626225,amd64,linux,total,/kubepods/burstable/pod2dbfba94-4edb-4d67-a5a7-d60278acbfdd,minikube,kubernetes-cadvisor,amd64,minikube,linux,c93a4cb9311efc66b90d33ea03f75f2c4120e9b0,minikube,true,2026_05_10T19_19_17_0700,v1.38.1,online-boutique,checkoutservice-dcf4c5c7b-82zmn
1780612938,0.002219700681484091,amd64,linux,total,/kubepods/burstable/pod2dbfba94-4edb-4d67-a5a7-d60278acbfdd,minikube,kubernetes-cadvisor,amd64,minikube,linux,c93a4cb9311efc66b90d33ea03f75f2c4120e9b0,minikube,true,2026_05_10T19_19_17_0700,v1.38.1,online-boutique,checkoutservice-dcf4c5c7b-82zmn
1780612953,0.002077378823108565,amd64,linux,total,/kubepods/burstable/pod2dbfba94-4edb-4d67-a5a7-d60278acbfdd,minikube,kubernetes-cadvisor,amd64,minikube,linux,c93a4cb9311efc66b90d33ea03f75f2c4120e9b0,minikube,true,2026_05_10T19_19_17_0700,v1.38.1,online-boutique,checkoutservice-dcf4c5c7b-82zmn
1780612968,0.0016025320033921124,amd64,linux,total,/kubepods/burstable/pod2dbfba94-4edb-4d67-a5a7-d60278acbfdd,minikube,kubernetes-cadvisor,amd64,minikube,linux,c93a4cb9311efc66b90d33ea03f75f2c4120e9b0,minikube,true,2026_05_10T19_19_17_0700,v1.38.1,online-boutique,checkoutservice-dcf4c5c7b-82zmn
1780612983,0.001357540032933231,amd64,linux,total,/kubepods/burstable/pod2dbfba94-4edb-4d67-a5a7-d60278acbfdd,minikube,kubernetes-cadvisor,amd64,minikube,linux,c93a4cb9311efc66b90d33ea03f75f2c4120e9b0,minikube,true,2026_05_10T19_19_17_0700,v1.38.1,online-boutique,checkoutservice-dcf4c5c7b-82zmn
1780612998,0.0009533159032630401,amd64,linux,total,/kubepods/burstable/pod2dbfba94-4edb-4d67-a5a7-d60278acbfdd,minikube,kubernetes-cadvisor,amd64,minikube,linux,c93a4cb9311efc66b90d33ea03f75f2c4120e9b0,minikube,true,2026_05_10T19_19_17_0700,v1.38.1,online-boutique,checkoutservice-dcf4c5c7b-82zmn
1780613013,0.0013148182176139218,amd64,linux,total,/kubepods/burstable/pod2dbfba94-4edb-4d67-a5a7-d60278acbfdd,minikube,kubernetes-cadvisor,amd64,minikube,linux,c93a4cb9311efc66b90d33ea03f75f2c4120e9b0,minikube,true,2026_05_10T19_19_17_0700,v1.38.1,online-boutique,checkoutservice-dcf4c5c7b-82zmn
1780613028,0.001671701148397996,amd64,linux,total,/kubepods/burstable/pod2dbfba94-4edb-4d67-a5a7-d60278acbfdd,minikube,kubernetes-cadvisor,amd64,minikube,linux,c93a4cb9311efc66b90d33ea03f75f2c4120e9b0,minikube,true,2026_05_10T19_19_17_0700,v1.38.1,online-boutique,checkoutservice-dcf4c5c7b-82zmn
1780613043,0.0017205449362059364,amd64,linux,total,/kubepods/burstable/pod2dbfba94-4edb-4d67-a5a7-d60278acbfdd,minikube,kubernetes-cadvisor,amd64,minikube,linux,c93a4cb9311efc66b90d33ea03f75f2c4120e9b0,minikube,true,2026_05_10T19_19_17_0700,v1.38.1,online-boutique,checkoutservice-dcf4c5c7b-82zmn
1780612683,0.008644536134033192,amd64,linux,total,/kubepods/burstable/pod30cb9cb8-2a27-47b3-a398-4773020ca7ef,minikube,kubernetes-cadvisor,amd64,minikube,linux,c93a4cb9311efc66b90d33ea03f75f2c4120e9b0,minikube,true,2026_05_10T19_19_17_0700,v1.38.1,online-boutique,recommendationservice-b5b5bfc56-k2lqc
1780612698,0.008671807804020805,amd64,linux,total,/kubepods/burstable/pod30cb9cb8-2a27-47b3-a398-4773020ca7ef,minikube,kubernetes-cadvisor,amd64,minikube,linux,c93a4cb9311efc66b90d33ea03f75f2c4120e9b0,minikube,true,2026_05_10T19_19_17_0700,v1.38.1,online-boutique,recommendationservice-b5b5bfc56-k2lqc
1780612713,0.008559594755662042,amd64,linux,total,/kubepods/burstable/pod30cb9cb8-2a27-47b3-a398-4773020ca7ef,minikube,kubernetes-cadvisor,amd64,minikube,linux,c93a4cb9311efc66b90d33ea03f75f2c4120e9b0,minikube,true,2026_05_10T19_19_17_0700,v1.38.1,online-boutique,recommendationservice-b5b5bfc56-k2lqc
1780612728,0.008413980305522224,amd64,linux,total,/kubepods/burstable/pod30cb9cb8-2a27-47b3-a398-4773020ca7ef,minikube,kubernetes-cadvisor,amd64,minikube,linux,c93a4cb9311efc66b90d33ea03f75f2c4120e9b0,minikube,true,2026_05_10T19_19_17_0700,v1.38.1,online-boutique,recommendationservice-b5b5bfc56-k2lqc
1780612743,0.008444059798480138,amd64,linux,total,/kubepods/burstable/pod30cb9cb8-2a27-47b3-a398-4773020ca7ef,minikube,kubernetes-cadvisor,amd64,minikube,linux,c93a4cb9311efc66b90d33ea03f75f2c4120e9b0,minikube,true,2026_05_10T19_19_17_0700,v1.38.1,online-boutique,recommendationservice-b5b5bfc56-k2lqc
1780612758,0.008052913578190615,amd64,linux,total,/kubepods/burstable/pod30cb9cb8-2a27-47b3-a398-4773020ca7ef,minikube,kubernetes-cadvisor,amd64,minikube,linux,c93a4cb9311efc66b90d33ea03f75f2c4120e9b0,minikube,true,2026_05_10T19_19_17_0700,v1.38.1,online-boutique,recommendationservice-b5b5bfc56-k2lqc
1780612773,0.00834059056381636,amd64,linux,total,/kubepods/burstable/pod30cb9cb8-2a27-47b3-a398-4773020ca7ef,minikube,kubernetes-cadvisor,amd64,minikube,linux,c93a4cb9311efc66b90d33ea03f75f2c4120e9b0,minikube,true,2026_05_10T19_19_17_0700,v1.38.1,online-boutique,recommendationservice-b5b5bfc56-k2lqc
1780612788,0.005480658671000007,amd64,linux,total,/kubepods/burstable/pod30cb9cb8-2a27-47b3-a398-4773020ca7ef,minikube,kubernetes-cadvisor,amd64,minikube,linux,c93a4cb9311efc66b90d33ea03f75f2c4120e9b0,minikube,true,2026_05_10T19_19_17_0700,v1.38.1,online-boutique,recommendationservice-b5b5bfc56-k2lqc
1780612803,0.008223522944087274,amd64,linux,total,/kubepods/burstable/pod30cb9cb8-2a27-47b3-a398-4773020ca7ef,minikube,kubernetes-cadvisor,amd64,minikube,linux,c93a4cb9311efc66b90d33ea03f75f2c4120e9b0,minikube,true,2026_05_10T19_19_17_0700,v1.38.1,online-boutique,recommendationservice-b5b5bfc56-k2lqc
1780612818,0.008236381094634143,amd64,linux,total,/kubepods/burstable/pod30cb9cb8-2a27-47b3-a398-4773020ca7ef,minikube,kubernetes-cadvisor,amd64,minikube,linux,c93a4cb9311efc66b90d33ea03f75f2c4120e9b0,minikube,true,2026_05_10T19_19_17_0700,v1.38.1,online-boutique,recommendationservice-b5b5bfc56-k2lqc
1780612833,0.008226796790531902,amd64,linux,total,/kubepods/burstable/pod30cb9cb8-2a27-47b3-a398-4773020ca7ef,minikube,kubernetes-cadvisor,amd64,minikube,linux,c93a4cb9311efc66b90d33ea03f75f2c4120e9b0,minikube,true,2026_05_10T19_19_17_0700,v1.38.1,online-boutique,recommendationservice-b5b5bfc56-k2lqc
1780612848,0.00827073121103995,amd64,linux,total,/kubepods/burstable/pod30cb9cb8-2a27-47b3-a398-4773020ca7ef,minikube,kubernetes-cadvisor,amd64,minikube,linux,c93a4cb9311efc66b90d33ea03f75f2c4120e9b0,minikube,true,2026_05_10T19_19_17_0700,v1.38.1,online-boutique,recommendationservice-b5b5bfc56-k2lqc
1780612863,0.00830608403238444,amd64,linux,total,/kubepods/burstable/pod30cb9cb8-2a27-47b3-a398-4773020ca7ef,minikube,kubernetes-cadvisor,amd64,minikube,linux,c93a4cb9311efc66b90d33ea03f75f2c4120e9b0,minikube,true,2026_05_10T19_19_17_0700,v1.38.1,online-boutique,recommendationservice-b5b5bfc56-k2lqc
1780612878,0.008700088766946163,amd64,linux,total,/kubepods/burstable/pod30cb9cb8-2a27-47b3-a398-4773020ca7ef,minikube,kubernetes-cadvisor,amd64,minikube,linux,c93a4cb9311efc66b90d33ea03f75f2c4120e9b0,minikube,true,2026_05_10T19_19_17_0700,v1.38.1,online-boutique,recommendationservice-b5b5bfc56-k2lqc
1780612893,0.008884554042447956,amd64,linux,total,/kubepods/burstable/pod30cb9cb8-2a27-47b3-a398-4773020ca7ef,minikube,kubernetes-cadvisor,amd64,minikube,linux,c93a4cb9311efc66b90d33ea03f75f2c4120e9b0,minikube,true,2026_05_10T19_19_17_0700,v1.38.1,online-boutique,recommendationservice-b5b5bfc56-k2lqc
1780612908,0.009006339934464034,amd64,linux,total,/kubepods/burstable/pod30cb9cb8-2a27-47b3-a398-4773020ca7ef,minikube,kubernetes-cadvisor,amd64,minikube,linux,c93a4cb9311efc66b90d33ea03f75f2c4120e9b0,minikube,true,2026_05_10T19_19_17_0700,v1.38.1,online-boutique,recommendationservice-b5b5bfc56-k2lqc
1780612923,0.009172213296610669,amd64,linux,total,/kubepods/burstable/pod30cb9cb8-2a27-47b3-a398-4773020ca7ef,minikube,kubernetes-cadvisor,amd64,minikube,linux,c93a4cb9311efc66b90d33ea03f75f2c4120e9b0,minikube,true,2026_05_10T19_19_17_0700,v1.38.1,online-boutique,recommendationservice-b5b5bfc56-k2lqc
1780612938,0.009226334362593496,amd64,linux,total,/kubepods/burstable/pod30cb9cb8-2a27-47b3-a398-4773020ca7ef,minikube,kubernetes-cadvisor,amd64,minikube,linux,c93a4cb9311efc66b90d33ea03f75f2c4120e9b0,minikube,true,2026_05_10T19_19_17_0700,v1.38.1,online-boutique,recommendationservice-b5b5bfc56-k2lqc
1780612953,0.008957585225449346,amd64,linux,total,/kubepods/burstable/pod30cb9cb8-2a27-47b3-a398-4773020ca7ef,minikube,kubernetes-cadvisor,amd64,minikube,linux,c93a4cb9311efc66b90d33ea03f75f2c4120e9b0,minikube,true,2026_05_10T19_19_17_0700,v1.38.1,online-boutique,recommendationservice-b5b5bfc56-k2lqc
1780612968,0.008336551220169132,amd64,linux,total,/kubepods/burstable/pod30cb9cb8-2a27-47b3-a398-4773020ca7ef,minikube,kubernetes-cadvisor,amd64,minikube,linux,c93a4cb9311efc66b90d33ea03f75f2c4120e9b0,minikube,true,2026_05_10T19_19_17_0700,v1.38.1,online-boutique,recommendationservice-b5b5bfc56-k2lqc
1780612983,0.008087157030738017,amd64,linux,total,/kubepods/burstable/pod30cb9cb8-2a27-47b3-a398-4773020ca7ef,minikube,kubernetes-cadvisor,amd64,minikube,linux,c93a4cb9311efc66b90d33ea03f75f2c4120e9b0,minikube,true,2026_05_10T19_19_17_0700,v1.38.1,online-boutique,recommendationservice-b5b5bfc56-k2lqc
1780612998,0.008238403114934883,amd64,linux,total,/kubepods/burstable/pod30cb9cb8-2a27-47b3-a398-4773020ca7ef,minikube,kubernetes-cadvisor,amd64,minikube,linux,c93a4cb9311efc66b90d33ea03f75f2c4120e9b0,minikube,true,2026_05_10T19_19_17_0700,v1.38.1,online-boutique,recommendationservice-b5b5bfc56-k2lqc
1780613013,0.009134732877026184,amd64,linux,total,/kubepods/burstable/pod30cb9cb8-2a27-47b3-a398-4773020ca7ef,minikube,kubernetes-cadvisor,amd64,minikube,linux,c93a4cb9311efc66b90d33ea03f75f2c4120e9b0,minikube,true,2026_05_10T19_19_17_0700,v1.38.1,online-boutique,recommendationservice-b5b5bfc56-k2lqc
1780613028,0.008922729938202402,amd64,linux,total,/kubepods/burstable/pod30cb9cb8-2a27-47b3-a398-4773020ca7ef,minikube,kubernetes-cadvisor,amd64,minikube,linux,c93a4cb9311efc66b90d33ea03f75f2c4120e9b0,minikube,true,2026_05_10T19_19_17_0700,v1.38.1,online-boutique,recommendationservice-b5b5bfc56-k2lqc
1780613043,0.008986664948785555,amd64,linux,total,/kubepods/burstable/pod30cb9cb8-2a27-47b3-a398-4773020ca7ef,minikube,kubernetes-cadvisor,amd64,minikube,linux,c93a4cb9311efc66b90d33ea03f75f2c4120e9b0,minikube,true,2026_05_10T19_19_17_0700,v1.38.1,online-boutique,recommendationservice-b5b5bfc56-k2lqc
1780612683,0.016173786930758723,amd64,linux,total,/kubepods/burstable/pod43e6a5f0-4d0d-4b7c-8d37-d7db21145154,minikube,kubernetes-cadvisor,amd64,minikube,linux,c93a4cb9311efc66b90d33ea03f75f2c4120e9b0,minikube,true,2026_05_10T19_19_17_0700,v1.38.1,online-boutique,frontend-759775d795-r8sgc
1780612698,0.014666798231765065,amd64,linux,total,/kubepods/burstable/pod43e6a5f0-4d0d-4b7c-8d37-d7db21145154,minikube,kubernetes-cadvisor,amd64,minikube,linux,c93a4cb9311efc66b90d33ea03f75f2c4120e9b0,minikube,true,2026_05_10T19_19_17_0700,v1.38.1,online-boutique,frontend-759775d795-r8sgc
1780612713,0.013941144997324774,amd64,linux,total,/kubepods/burstable/pod43e6a5f0-4d0d-4b7c-8d37-d7db21145154,minikube,kubernetes-cadvisor,amd64,minikube,linux,c93a4cb9311efc66b90d33ea03f75f2c4120e9b0,minikube,true,2026_05_10T19_19_17_0700,v1.38.1,online-boutique,frontend-759775d795-r8sgc
1780612728,0.01374996630273621,amd64,linux,total,/kubepods/burstable/pod43e6a5f0-4d0d-4b7c-8d37-d7db21145154,minikube,kubernetes-cadvisor,amd64,minikube,linux,c93a4cb9311efc66b90d33ea03f75f2c4120e9b0,minikube,true,2026_05_10T19_19_17_0700,v1.38.1,online-boutique,frontend-759775d795-r8sgc
1780612743,0.014151916816158435,amd64,linux,total,/kubepods/burstable/pod43e6a5f0-4d0d-4b7c-8d37-d7db21145154,minikube,kubernetes-cadvisor,amd64,minikube,linux,c93a4cb9311efc66b90d33ea03f75f2c4120e9b0,minikube,true,2026_05_10T19_19_17_0700,v1.38.1,online-boutique,frontend-759775d795-r8sgc
1780612758,0.014064512330122242,amd64,linux,total,/kubepods/burstable/pod43e6a5f0-4d0d-4b7c-8d37-d7db21145154,minikube,kubernetes-cadvisor,amd64,minikube,linux,c93a4cb9311efc66b90d33ea03f75f2c4120e9b0,minikube,true,2026_05_10T19_19_17_0700,v1.38.1,online-boutique,frontend-759775d795-r8sgc
1780612773,0.012003821263097226,amd64,linux,total,/kubepods/burstable/pod43e6a5f0-4d0d-4b7c-8d37-d7db21145154,minikube,kubernetes-cadvisor,amd64,minikube,linux,c93a4cb9311efc66b90d33ea03f75f2c4120e9b0,minikube,true,2026_05_10T19_19_17_0700,v1.38.1,online-boutique,frontend-759775d795-r8sgc
1780612788,0.014406643937014938,amd64,linux,total,/kubepods/burstable/pod43e6a5f0-4d0d-4b7c-8d37-d7db21145154,minikube,kubernetes-cadvisor,amd64,minikube,linux,c93a4cb9311efc66b90d33ea03f75f2c4120e9b0,minikube,true,2026_05_10T19_19_17_0700,v1.38.1,online-boutique,frontend-759775d795-r8sgc
1780612803,0.014406643937014938,amd64,linux,total,/kubepods/burstable/pod43e6a5f0-4d0d-4b7c-8d37-d7db21145154,minikube,kubernetes-cadvisor,amd64,minikube,linux,c93a4cb9311efc66b90d33ea03f75f2c4120e9b0,minikube,true,2026_05_10T19_19_17_0700,v1.38.1,online-boutique,frontend-759775d795-r8sgc
1780612818,0.014604696562455815,amd64,linux,total,/kubepods/burstable/pod43e6a5f0-4d0d-4b7c-8d37-d7db21145154,minikube,kubernetes-cadvisor,amd64,minikube,linux,c93a4cb9311efc66b90d33ea03f75f2c4120e9b0,minikube,true,2026_05_10T19_19_17_0700,v1.38.1,online-boutique,frontend-759775d795-r8sgc
1780612833,0.014962713988663254,amd64,linux,total,/kubepods/burstable/pod43e6a5f0-4d0d-4b7c-8d37-d7db21145154,minikube,kubernetes-cadvisor,amd64,minikube,linux,c93a4cb9311efc66b90d33ea03f75f2c4120e9b0,minikube,true,2026_05_10T19_19_17_0700,v1.38.1,online-boutique,frontend-759775d795-r8sgc
1780612848,0.014802726104053256,amd64,linux,total,/kubepods/burstable/pod43e6a5f0-4d0d-4b7c-8d37-d7db21145154,minikube,kubernetes-cadvisor,amd64,minikube,linux,c93a4cb9311efc66b90d33ea03f75f2c4120e9b0,minikube,true,2026_05_10T19_19_17_0700,v1.38.1,online-boutique,frontend-759775d795-r8sgc
1780612863,0.014501960134724738,amd64,linux,total,/kubepods/burstable/pod43e6a5f0-4d0d-4b7c-8d37-d7db21145154,minikube,kubernetes-cadvisor,amd64,minikube,linux,c93a4cb9311efc66b90d33ea03f75f2c4120e9b0,minikube,true,2026_05_10T19_19_17_0700,v1.38.1,online-boutique,frontend-759775d795-r8sgc
1780612878,0.015560315670800438,amd64,linux,total,/kubepods/burstable/pod43e6a5f0-4d0d-4b7c-8d37-d7db21145154,minikube,kubernetes-cadvisor,amd64,minikube,linux,c93a4cb9311efc66b90d33ea03f75f2c4120e9b0,minikube,true,2026_05_10T19_19_17_0700,v1.38.1,online-boutique,frontend-759775d795-r8sgc
1780612893,0.01593914348524563,amd64,linux,total,/kubepods/burstable/pod43e6a5f0-4d0d-4b7c-8d37-d7db21145154,minikube,kubernetes-cadvisor,amd64,minikube,linux,c93a4cb9311efc66b90d33ea03f75f2c4120e9b0,minikube,true,2026_05_10T19_19_17_0700,v1.38.1,online-boutique,frontend-759775d795-r8sgc
1780612908,0.016124600383631695,amd64,linux,total,/kubepods/burstable/pod43e6a5f0-4d0d-4b7c-8d37-d7db21145154,minikube,kubernetes-cadvisor,amd64,minikube,linux,c93a4cb9311efc66b90d33ea03f75f2c4120e9b0,minikube,true,2026_05_10T19_19_17_0700,v1.38.1,online-boutique,frontend-759775d795-r8sgc
1780612923,0.01586852378616971,amd64,linux,total,/kubepods/burstable/pod43e6a5f0-4d0d-4b7c-8d37-d7db21145154,minikube,kubernetes-cadvisor,amd64,minikube,linux,c93a4cb9311efc66b90d33ea03f75f2c4120e9b0,minikube,true,2026_05_10T19_19_17_0700,v1.38.1,online-boutique,frontend-759775d795-r8sgc
1780612938,0.01603075613907124,amd64,linux,total,/kubepods/burstable/pod43e6a5f0-4d0d-4b7c-8d37-d7db21145154,minikube,kubernetes-cadvisor,amd64,minikube,linux,c93a4cb9311efc66b90d33ea03f75f2c4120e9b0,minikube,true,2026_05_10T19_19_17_0700,v1.38.1,online-boutique,frontend-759775d795-r8sgc
1780612953,0.015650435724484272,amd64,linux,total,/kubepods/burstable/pod43e6a5f0-4d0d-4b7c-8d37-d7db21145154,minikube,kubernetes-cadvisor,amd64,minikube,linux,c93a4cb9311efc66b90d33ea03f75f2c4120e9b0,minikube,true,2026_05_10T19_19_17_0700,v1.38.1,online-boutique,frontend-759775d795-r8sgc
1780612968,0.014009622070202963,amd64,linux,total,/kubepods/burstable/pod43e6a5f0-4d0d-4b7c-8d37-d7db21145154,minikube,kubernetes-cadvisor,amd64,minikube,linux,c93a4cb9311efc66b90d33ea03f75f2c4120e9b0,minikube,true,2026_05_10T19_19_17_0700,v1.38.1,online-boutique,frontend-759775d795-r8sgc
1780612983,0.011773427427948457,amd64,linux,total,/kubepods/burstable/pod43e6a5f0-4d0d-4b7c-8d37-d7db21145154,minikube,kubernetes-cadvisor,amd64,minikube,linux,c93a4cb9311efc66b90d33ea03f75f2c4120e9b0,minikube,true,2026_05_10T19_19_17_0700,v1.38.1,online-boutique,frontend-759775d795-r8sgc
1780612998,0.01403836118932606,amd64,linux,total,/kubepods/burstable/pod43e6a5f0-4d0d-4b7c-8d37-d7db21145154,minikube,kubernetes-cadvisor,amd64,minikube,linux,c93a4cb9311efc66b90d33ea03f75f2c4120e9b0,minikube,true,2026_05_10T19_19_17_0700,v1.38.1,online-boutique,frontend-759775d795-r8sgc
1780613013,0.01557410961825548,amd64,linux,total,/kubepods/burstable/pod43e6a5f0-4d0d-4b7c-8d37-d7db21145154,minikube,kubernetes-cadvisor,amd64,minikube,linux,c93a4cb9311efc66b90d33ea03f75f2c4120e9b0,minikube,true,2026_05_10T19_19_17_0700,v1.38.1,online-boutique,frontend-759775d795-r8sgc
1780613028,0.015261066692667715,amd64,linux,total,/kubepods/burstable/pod43e6a5f0-4d0d-4b7c-8d37-d7db21145154,minikube,kubernetes-cadvisor,amd64,minikube,linux,c93a4cb9311efc66b90d33ea03f75f2c4120e9b0,minikube,true,2026_05_10T19_19_17_0700,v1.38.1,online-boutique,frontend-759775d795-r8sgc
1780613043,0.016537306634112566,amd64,linux,total,/kubepods/burstable/pod43e6a5f0-4d0d-4b7c-8d37-d7db21145154,minikube,kubernetes-cadvisor,amd64,minikube,linux,c93a4cb9311efc66b90d33ea03f75f2c4120e9b0,minikube,true,2026_05_10T19_19_17_0700,v1.38.1,online-boutique,frontend-759775d795-r8sgc
1780612683,0.006824558979319161,amd64,linux,total,/kubepods/burstable/pod505ae502-2a13-4974-a492-27f58aa0b489,minikube,kubernetes-cadvisor,amd64,minikube,linux,c93a4cb9311efc66b90d33ea03f75f2c4120e9b0,minikube,true,2026_05_10T19_19_17_0700,v1.38.1,online-boutique,currencyservice-8fdf6cf9d-wkfrs
1780612698,0.005892657556597958,amd64,linux,total,/kubepods/burstable/pod505ae502-2a13-4974-a492-27f58aa0b489,minikube,kubernetes-cadvisor,amd64,minikube,linux,c93a4cb9311efc66b90d33ea03f75f2c4120e9b0,minikube,true,2026_05_10T19_19_17_0700,v1.38.1,online-boutique,currencyservice-8fdf6cf9d-wkfrs
1780612713,0.005819474959157264,amd64,linux,total,/kubepods/burstable/pod505ae502-2a13-4974-a492-27f58aa0b489,minikube,kubernetes-cadvisor,amd64,minikube,linux,c93a4cb9311efc66b90d33ea03f75f2c4120e9b0,minikube,true,2026_05_10T19_19_17_0700,v1.38.1,online-boutique,currencyservice-8fdf6cf9d-wkfrs
1780612728,0.0035005157181171903,amd64,linux,total,/kubepods/burstable/pod505ae502-2a13-4974-a492-27f58aa0b489,minikube,kubernetes-cadvisor,amd64,minikube,linux,c93a4cb9311efc66b90d33ea03f75f2c4120e9b0,minikube,true,2026_05_10T19_19_17_0700,v1.38.1,online-boutique,currencyservice-8fdf6cf9d-wkfrs
1780612743,0.0058822655017588136,amd64,linux,total,/kubepods/burstable/pod505ae502-2a13-4974-a492-27f58aa0b489,minikube,kubernetes-cadvisor,amd64,minikube,linux,c93a4cb9311efc66b90d33ea03f75f2c4120e9b0,minikube,true,2026_05_10T19_19_17_0700,v1.38.1,online-boutique,currencyservice-8fdf6cf9d-wkfrs
1780612758,0.003831381681432379,amd64,linux,total,/kubepods/burstable/pod505ae502-2a13-4974-a492-27f58aa0b489,minikube,kubernetes-cadvisor,amd64,minikube,linux,c93a4cb9311efc66b90d33ea03f75f2c4120e9b0,minikube,true,2026_05_10T19_19_17_0700,v1.38.1,online-boutique,currencyservice-8fdf6cf9d-wkfrs
1780612773,0.005486297792879649,amd64,linux,total,/kubepods/burstable/pod505ae502-2a13-4974-a492-27f58aa0b489,minikube,kubernetes-cadvisor,amd64,minikube,linux,c93a4cb9311efc66b90d33ea03f75f2c4120e9b0,minikube,true,2026_05_10T19_19_17_0700,v1.38.1,online-boutique,currencyservice-8fdf6cf9d-wkfrs
1780612788,0.006311086370561377,amd64,linux,total,/kubepods/burstable/pod505ae502-2a13-4974-a492-27f58aa0b489,minikube,kubernetes-cadvisor,amd64,minikube,linux,c93a4cb9311efc66b90d33ea03f75f2c4120e9b0,minikube,true,2026_05_10T19_19_17_0700,v1.38.1,online-boutique,currencyservice-8fdf6cf9d-wkfrs
1780612803,0.006630163088018079,amd64,linux,total,/kubepods/burstable/pod505ae502-2a13-4974-a492-27f58aa0b489,minikube,kubernetes-cadvisor,amd64,minikube,linux,c93a4cb9311efc66b90d33ea03f75f2c4120e9b0,minikube,true,2026_05_10T19_19_17_0700,v1.38.1,online-boutique,currencyservice-8fdf6cf9d-wkfrs
1780612818,0.006852163742689762,amd64,linux,total,/kubepods/burstable/pod505ae502-2a13-4974-a492-27f58aa0b489,minikube,kubernetes-cadvisor,amd64,minikube,linux,c93a4cb9311efc66b90d33ea03f75f2c4120e9b0,minikube,true,2026_05_10T19_19_17_0700,v1.38.1,online-boutique,currencyservice-8fdf6cf9d-wkfrs
1780612833,0.0067612609964929574,amd64,linux,total,/kubepods/burstable/pod505ae502-2a13-4974-a492-27f58aa0b489,minikube,kubernetes-cadvisor,amd64,minikube,linux,c93a4cb9311efc66b90d33ea03f75f2c4120e9b0,minikube,true,2026_05_10T19_19_17_0700,v1.38.1,online-boutique,currencyservice-8fdf6cf9d-wkfrs
1780612848,0.006372759725400726,amd64,linux,total,/kubepods/burstable/pod505ae502-2a13-4974-a492-27f58aa0b489,minikube,kubernetes-cadvisor,amd64,minikube,linux,c93a4cb9311efc66b90d33ea03f75f2c4120e9b0,minikube,true,2026_05_10T19_19_17_0700,v1.38.1,online-boutique,currencyservice-8fdf6cf9d-wkfrs
1780612863,0.006186357017229003,amd64,linux,total,/kubepods/burstable/pod505ae502-2a13-4974-a492-27f58aa0b489,minikube,kubernetes-cadvisor,amd64,minikube,linux,c93a4cb9311efc66b90d33ea03f75f2c4120e9b0,minikube,true,2026_05_10T19_19_17_0700,v1.38.1,online-boutique,currencyservice-8fdf6cf9d-wkfrs
1780612878,0.006447339943905963,amd64,linux,total,/kubepods/burstable/pod505ae502-2a13-4974-a492-27f58aa0b489,minikube,kubernetes-cadvisor,amd64,minikube,linux,c93a4cb9311efc66b90d33ea03f75f2c4120e9b0,minikube,true,2026_05_10T19_19_17_0700,v1.38.1,online-boutique,currencyservice-8fdf6cf9d-wkfrs
1780612893,0.0066899901070237395,amd64,linux,total,/kubepods/burstable/pod505ae502-2a13-4974-a492-27f58aa0b489,minikube,kubernetes-cadvisor,amd64,minikube,linux,c93a4cb9311efc66b90d33ea03f75f2c4120e9b0,minikube,true,2026_05_10T19_19_17_0700,v1.38.1,online-boutique,currencyservice-8fdf6cf9d-wkfrs
1780612908,0.006654822335025122,amd64,linux,total,/kubepods/burstable/pod505ae502-2a13-4974-a492-27f58aa0b489,minikube,kubernetes-cadvisor,amd64,minikube,linux,c93a4cb9311efc66b90d33ea03f75f2c4120e9b0,minikube,true,2026_05_10T19_19_17_0700,v1.38.1,online-boutique,currencyservice-8fdf6cf9d-wkfrs
1780612923,0.006978342344556412,amd64,linux,total,/kubepods/burstable/pod505ae502-2a13-4974-a492-27f58aa0b489,minikube,kubernetes-cadvisor,amd64,minikube,linux,c93a4cb9311efc66b90d33ea03f75f2c4120e9b0,minikube,true,2026_05_10T19_19_17_0700,v1.38.1,online-boutique,currencyservice-8fdf6cf9d-wkfrs
1780612938,0.006741567953703201,amd64,linux,total,/kubepods/burstable/pod505ae502-2a13-4974-a492-27f58aa0b489,minikube,kubernetes-cadvisor,amd64,minikube,linux,c93a4cb9311efc66b90d33ea03f75f2c4120e9b0,minikube,true,2026_05_10T19_19_17_0700,v1.38.1,online-boutique,currencyservice-8fdf6cf9d-wkfrs
1780612953,0.00635397329550702,amd64,linux,total,/kubepods/burstable/pod505ae502-2a13-4974-a492-27f58aa0b489,minikube,kubernetes-cadvisor,amd64,minikube,linux,c93a4cb9311efc66b90d33ea03f75f2c4120e9b0,minikube,true,2026_05_10T19_19_17_0700,v1.38.1,online-boutique,currencyservice-8fdf6cf9d-wkfrs
1780612968,0.006762908574135713,amd64,linux,total,/kubepods/burstable/pod505ae502-2a13-4974-a492-27f58aa0b489,minikube,kubernetes-cadvisor,amd64,minikube,linux,c93a4cb9311efc66b90d33ea03f75f2c4120e9b0,minikube,true,2026_05_10T19_19_17_0700,v1.38.1,online-boutique,currencyservice-8fdf6cf9d-wkfrs
1780612983,0.0048103946040883435,amd64,linux,total,/kubepods/burstable/pod505ae502-2a13-4974-a492-27f58aa0b489,minikube,kubernetes-cadvisor,amd64,minikube,linux,c93a4cb9311efc66b90d33ea03f75f2c4120e9b0,minikube,true,2026_05_10T19_19_17_0700,v1.38.1,online-boutique,currencyservice-8fdf6cf9d-wkfrs
1780612998,0.006926262794177311,amd64,linux,total,/kubepods/burstable/pod505ae502-2a13-4974-a492-27f58aa0b489,minikube,kubernetes-cadvisor,amd64,minikube,linux,c93a4cb9311efc66b90d33ea03f75f2c4120e9b0,minikube,true,2026_05_10T19_19_17_0700,v1.38.1,online-boutique,currencyservice-8fdf6cf9d-wkfrs
1780613013,0.006375397429581656,amd64,linux,total,/kubepods/burstable/pod505ae502-2a13-4974-a492-27f58aa0b489,minikube,kubernetes-cadvisor,amd64,minikube,linux,c93a4cb9311efc66b90d33ea03f75f2c4120e9b0,minikube,true,2026_05_10T19_19_17_0700,v1.38.1,online-boutique,currencyservice-8fdf6cf9d-wkfrs
1780613028,0.006233121754182849,amd64,linux,total,/kubepods/burstable/pod505ae502-2a13-4974-a492-27f58aa0b489,minikube,kubernetes-cadvisor,amd64,minikube,linux,c93a4cb9311efc66b90d33ea03f75f2c4120e9b0,minikube,true,2026_05_10T19_19_17_0700,v1.38.1,online-boutique,currencyservice-8fdf6cf9d-wkfrs
1780613043,0.004913388079437844,amd64,linux,total,/kubepods/burstable/pod505ae502-2a13-4974-a492-27f58aa0b489,minikube,kubernetes-cadvisor,amd64,minikube,linux,c93a4cb9311efc66b90d33ea03f75f2c4120e9b0,minikube,true,2026_05_10T19_19_17_0700,v1.38.1,online-boutique,currencyservice-8fdf6cf9d-wkfrs
1780612683,0.003235213056552777,amd64,linux,total,/kubepods/burstable/pod5f70caa7-5853-4f08-a49b-da4db1bd09e4,minikube,kubernetes-cadvisor,amd64,minikube,linux,c93a4cb9311efc66b90d33ea03f75f2c4120e9b0,minikube,true,2026_05_10T19_19_17_0700,v1.38.1,online-boutique,emailservice-794d6cb7cf-t5fn4
1780612698,0.0032606559944126905,amd64,linux,total,/kubepods/burstable/pod5f70caa7-5853-4f08-a49b-da4db1bd09e4,minikube,kubernetes-cadvisor,amd64,minikube,linux,c93a4cb9311efc66b90d33ea03f75f2c4120e9b0,minikube,true,2026_05_10T19_19_17_0700,v1.38.1,online-boutique,emailservice-794d6cb7cf-t5fn4
1780612713,0.003704978488014676,amd64,linux,total,/kubepods/burstable/pod5f70caa7-5853-4f08-a49b-da4db1bd09e4,minikube,kubernetes-cadvisor,amd64,minikube,linux,c93a4cb9311efc66b90d33ea03f75f2c4120e9b0,minikube,true,2026_05_10T19_19_17_0700,v1.38.1,online-boutique,emailservice-794d6cb7cf-t5fn4
1780612728,0.003698723624819098,amd64,linux,total,/kubepods/burstable/pod5f70caa7-5853-4f08-a49b-da4db1bd09e4,minikube,kubernetes-cadvisor,amd64,minikube,linux,c93a4cb9311efc66b90d33ea03f75f2c4120e9b0,minikube,true,2026_05_10T19_19_17_0700,v1.38.1,online-boutique,emailservice-794d6cb7cf-t5fn4
1780612743,0.0037777393708953145,amd64,linux,total,/kubepods/burstable/pod5f70caa7-5853-4f08-a49b-da4db1bd09e4,minikube,kubernetes-cadvisor,amd64,minikube,linux,c93a4cb9311efc66b90d33ea03f75f2c4120e9b0,minikube,true,2026_05_10T19_19_17_0700,v1.38.1,online-boutique,emailservice-794d6cb7cf-t5fn4
1780612758,0.0037777393708953145,amd64,linux,total,/kubepods/burstable/pod5f70caa7-5853-4f08-a49b-da4db1bd09e4,minikube,kubernetes-cadvisor,amd64,minikube,linux,c93a4cb9311efc66b90d33ea03f75f2c4120e9b0,minikube,true,2026_05_10T19_19_17_0700,v1.38.1,online-boutique,emailservice-794d6cb7cf-t5fn4
1780612773,0.003911517175884874,amd64,linux,total,/kubepods/burstable/pod5f70caa7-5853-4f08-a49b-da4db1bd09e4,minikube,kubernetes-cadvisor,amd64,minikube,linux,c93a4cb9311efc66b90d33ea03f75f2c4120e9b0,minikube,true,2026_05_10T19_19_17_0700,v1.38.1,online-boutique,emailservice-794d6cb7cf-t5fn4
1780612788,0.0023799825578455437,amd64,linux,total,/kubepods/burstable/pod5f70caa7-5853-4f08-a49b-da4db1bd09e4,minikube,kubernetes-cadvisor,amd64,minikube,linux,c93a4cb9311efc66b90d33ea03f75f2c4120e9b0,minikube,true,2026_05_10T19_19_17_0700,v1.38.1,online-boutique,emailservice-794d6cb7cf-t5fn4
1780612803,0.003822082257950225,amd64,linux,total,/kubepods/burstable/pod5f70caa7-5853-4f08-a49b-da4db1bd09e4,minikube,kubernetes-cadvisor,amd64,minikube,linux,c93a4cb9311efc66b90d33ea03f75f2c4120e9b0,minikube,true,2026_05_10T19_19_17_0700,v1.38.1,online-boutique,emailservice-794d6cb7cf-t5fn4
1780612818,0.003886468057176261,amd64,linux,total,/kubepods/burstable/pod5f70caa7-5853-4f08-a49b-da4db1bd09e4,minikube,kubernetes-cadvisor,amd64,minikube,linux,c93a4cb9311efc66b90d33ea03f75f2c4120e9b0,minikube,true,2026_05_10T19_19_17_0700,v1.38.1,online-boutique,emailservice-794d6cb7cf-t5fn4
1780612833,0.003882344604170627,amd64,linux,total,/kubepods/burstable/pod5f70caa7-5853-4f08-a49b-da4db1bd09e4,minikube,kubernetes-cadvisor,amd64,minikube,linux,c93a4cb9311efc66b90d33ea03f75f2c4120e9b0,minikube,true,2026_05_10T19_19_17_0700,v1.38.1,online-boutique,emailservice-794d6cb7cf-t5fn4
1780612848,0.0027653737752809083,amd64,linux,total,/kubepods/burstable/pod5f70caa7-5853-4f08-a49b-da4db1bd09e4,minikube,kubernetes-cadvisor,amd64,minikube,linux,c93a4cb9311efc66b90d33ea03f75f2c4120e9b0,minikube,true,2026_05_10T19_19_17_0700,v1.38.1,online-boutique,emailservice-794d6cb7cf-t5fn4
1780612863,0.003797004613061552,amd64,linux,total,/kubepods/burstable/pod5f70caa7-5853-4f08-a49b-da4db1bd09e4,minikube,kubernetes-cadvisor,amd64,minikube,linux,c93a4cb9311efc66b90d33ea03f75f2c4120e9b0,minikube,true,2026_05_10T19_19_17_0700,v1.38.1,online-boutique,emailservice-794d6cb7cf-t5fn4
1780612878,0.00384344353589995,amd64,linux,total,/kubepods/burstable/pod5f70caa7-5853-4f08-a49b-da4db1bd09e4,minikube,kubernetes-cadvisor,amd64,minikube,linux,c93a4cb9311efc66b90d33ea03f75f2c4120e9b0,minikube,true,2026_05_10T19_19_17_0700,v1.38.1,online-boutique,emailservice-794d6cb7cf-t5fn4
1780612893,0.0033294357477798102,amd64,linux,total,/kubepods/burstable/pod5f70caa7-5853-4f08-a49b-da4db1bd09e4,minikube,kubernetes-cadvisor,amd64,minikube,linux,c93a4cb9311efc66b90d33ea03f75f2c4120e9b0,minikube,true,2026_05_10T19_19_17_0700,v1.38.1,online-boutique,emailservice-794d6cb7cf-t5fn4
1780612908,0.003993264819233033,amd64,linux,total,/kubepods/burstable/pod5f70caa7-5853-4f08-a49b-da4db1bd09e4,minikube,kubernetes-cadvisor,amd64,minikube,linux,c93a4cb9311efc66b90d33ea03f75f2c4120e9b0,minikube,true,2026_05_10T19_19_17_0700,v1.38.1,online-boutique,emailservice-794d6cb7cf-t5fn4
1780612923,0.004123490781070146,amd64,linux,total,/kubepods/burstable/pod5f70caa7-5853-4f08-a49b-da4db1bd09e4,minikube,kubernetes-cadvisor,amd64,minikube,linux,c93a4cb9311efc66b90d33ea03f75f2c4120e9b0,minikube,true,2026_05_10T19_19_17_0700,v1.38.1,online-boutique,emailservice-794d6cb7cf-t5fn4
1780612938,0.004123490781070146,amd64,linux,total,/kubepods/burstable/pod5f70caa7-5853-4f08-a49b-da4db1bd09e4,minikube,kubernetes-cadvisor,amd64,minikube,linux,c93a4cb9311efc66b90d33ea03f75f2c4120e9b0,minikube,true,2026_05_10T19_19_17_0700,v1.38.1,online-boutique,emailservice-794d6cb7cf-t5fn4
1780612953,0.004112897389506216,amd64,linux,total,/kubepods/burstable/pod5f70caa7-5853-4f08-a49b-da4db1bd09e4,minikube,kubernetes-cadvisor,amd64,minikube,linux,c93a4cb9311efc66b90d33ea03f75f2c4120e9b0,minikube,true,2026_05_10T19_19_17_0700,v1.38.1,online-boutique,emailservice-794d6cb7cf-t5fn4
1780612968,0.0037336271167651936,amd64,linux,total,/kubepods/burstable/pod5f70caa7-5853-4f08-a49b-da4db1bd09e4,minikube,kubernetes-cadvisor,amd64,minikube,linux,c93a4cb9311efc66b90d33ea03f75f2c4120e9b0,minikube,true,2026_05_10T19_19_17_0700,v1.38.1,online-boutique,emailservice-794d6cb7cf-t5fn4
1780612983,0.00303801644877428,amd64,linux,total,/kubepods/burstable/pod5f70caa7-5853-4f08-a49b-da4db1bd09e4,minikube,kubernetes-cadvisor,amd64,minikube,linux,c93a4cb9311efc66b90d33ea03f75f2c4120e9b0,minikube,true,2026_05_10T19_19_17_0700,v1.38.1,online-boutique,emailservice-794d6cb7cf-t5fn4
1780612998,0.0037091556004900978,amd64,linux,total,/kubepods/burstable/pod5f70caa7-5853-4f08-a49b-da4db1bd09e4,minikube,kubernetes-cadvisor,amd64,minikube,linux,c93a4cb9311efc66b90d33ea03f75f2c4120e9b0,minikube,true,2026_05_10T19_19_17_0700,v1.38.1,online-boutique,emailservice-794d6cb7cf-t5fn4
1780613013,0.0038490736897707763,amd64,linux,total,/kubepods/burstable/pod5f70caa7-5853-4f08-a49b-da4db1bd09e4,minikube,kubernetes-cadvisor,amd64,minikube,linux,c93a4cb9311efc66b90d33ea03f75f2c4120e9b0,minikube,true,2026_05_10T19_19_17_0700,v1.38.1,online-boutique,emailservice-794d6cb7cf-t5fn4
1780613028,0.003842016553799855,amd64,linux,total,/kubepods/burstable/pod5f70caa7-5853-4f08-a49b-da4db1bd09e4,minikube,kubernetes-cadvisor,amd64,minikube,linux,c93a4cb9311efc66b90d33ea03f75f2c4120e9b0,minikube,true,2026_05_10T19_19_17_0700,v1.38.1,online-boutique,emailservice-794d6cb7cf-t5fn4
1780613043,0.004053968427377498,amd64,linux,total,/kubepods/burstable/pod5f70caa7-5853-4f08-a49b-da4db1bd09e4,minikube,kubernetes-cadvisor,amd64,minikube,linux,c93a4cb9311efc66b90d33ea03f75f2c4120e9b0,minikube,true,2026_05_10T19_19_17_0700,v1.38.1,online-boutique,emailservice-794d6cb7cf-t5fn4
1780612683,0.0010280558038057866,amd64,linux,total,/kubepods/burstable/pod62fc476f-c2b4-4cf7-9a9d-ca71dea9fb42,minikube,kubernetes-cadvisor,amd64,minikube,linux,c93a4cb9311efc66b90d33ea03f75f2c4120e9b0,minikube,true,2026_05_10T19_19_17_0700,v1.38.1,online-boutique,shippingservice-5dcc4d7bd-7rtkk
1780612698,0.0012417201407575718,amd64,linux,total,/kubepods/burstable/pod62fc476f-c2b4-4cf7-9a9d-ca71dea9fb42,minikube,kubernetes-cadvisor,amd64,minikube,linux,c93a4cb9311efc66b90d33ea03f75f2c4120e9b0,minikube,true,2026_05_10T19_19_17_0700,v1.38.1,online-boutique,shippingservice-5dcc4d7bd-7rtkk
1780612713,0.0010767276816877362,amd64,linux,total,/kubepods/burstable/pod62fc476f-c2b4-4cf7-9a9d-ca71dea9fb42,minikube,kubernetes-cadvisor,amd64,minikube,linux,c93a4cb9311efc66b90d33ea03f75f2c4120e9b0,minikube,true,2026_05_10T19_19_17_0700,v1.38.1,online-boutique,shippingservice-5dcc4d7bd-7rtkk
1780612728,0.0008812430164502116,amd64,linux,total,/kubepods/burstable/pod62fc476f-c2b4-4cf7-9a9d-ca71dea9fb42,minikube,kubernetes-cadvisor,amd64,minikube,linux,c93a4cb9311efc66b90d33ea03f75f2c4120e9b0,minikube,true,2026_05_10T19_19_17_0700,v1.38.1,online-boutique,shippingservice-5dcc4d7bd-7rtkk
1780612743,0.00108262736228777,amd64,linux,total,/kubepods/burstable/pod62fc476f-c2b4-4cf7-9a9d-ca71dea9fb42,minikube,kubernetes-cadvisor,amd64,minikube,linux,c93a4cb9311efc66b90d33ea03f75f2c4120e9b0,minikube,true,2026_05_10T19_19_17_0700,v1.38.1,online-boutique,shippingservice-5dcc4d7bd-7rtkk
1780612758,0.0011492769623369272,amd64,linux,total,/kubepods/burstable/pod62fc476f-c2b4-4cf7-9a9d-ca71dea9fb42,minikube,kubernetes-cadvisor,amd64,minikube,linux,c93a4cb9311efc66b90d33ea03f75f2c4120e9b0,minikube,true,2026_05_10T19_19_17_0700,v1.38.1,online-boutique,shippingservice-5dcc4d7bd-7rtkk
1780612773,0.0012280405048305599,amd64,linux,total,/kubepods/burstable/pod62fc476f-c2b4-4cf7-9a9d-ca71dea9fb42,minikube,kubernetes-cadvisor,amd64,minikube,linux,c93a4cb9311efc66b90d33ea03f75f2c4120e9b0,minikube,true,2026_05_10T19_19_17_0700,v1.38.1,online-boutique,shippingservice-5dcc4d7bd-7rtkk
1780612788,0.0011646331166089972,amd64,linux,total,/kubepods/burstable/pod62fc476f-c2b4-4cf7-9a9d-ca71dea9fb42,minikube,kubernetes-cadvisor,amd64,minikube,linux,c93a4cb9311efc66b90d33ea03f75f2c4120e9b0,minikube,true,2026_05_10T19_19_17_0700,v1.38.1,online-boutique,shippingservice-5dcc4d7bd-7rtkk
1780612803,0.0011649751379332986,amd64,linux,total,/kubepods/burstable/pod62fc476f-c2b4-4cf7-9a9d-ca71dea9fb42,minikube,kubernetes-cadvisor,amd64,minikube,linux,c93a4cb9311efc66b90d33ea03f75f2c4120e9b0,minikube,true,2026_05_10T19_19_17_0700,v1.38.1,online-boutique,shippingservice-5dcc4d7bd-7rtkk
1780612818,0.0011191581356901562,amd64,linux,total,/kubepods/burstable/pod62fc476f-c2b4-4cf7-9a9d-ca71dea9fb42,minikube,kubernetes-cadvisor,amd64,minikube,linux,c93a4cb9311efc66b90d33ea03f75f2c4120e9b0,minikube,true,2026_05_10T19_19_17_0700,v1.38.1,online-boutique,shippingservice-5dcc4d7bd-7rtkk
1780612833,0.0010423463853498416,amd64,linux,total,/kubepods/burstable/pod62fc476f-c2b4-4cf7-9a9d-ca71dea9fb42,minikube,kubernetes-cadvisor,amd64,minikube,linux,c93a4cb9311efc66b90d33ea03f75f2c4120e9b0,minikube,true,2026_05_10T19_19_17_0700,v1.38.1,online-boutique,shippingservice-5dcc4d7bd-7rtkk
1780612848,0.000790277523527089,amd64,linux,total,/kubepods/burstable/pod62fc476f-c2b4-4cf7-9a9d-ca71dea9fb42,minikube,kubernetes-cadvisor,amd64,minikube,linux,c93a4cb9311efc66b90d33ea03f75f2c4120e9b0,minikube,true,2026_05_10T19_19_17_0700,v1.38.1,online-boutique,shippingservice-5dcc4d7bd-7rtkk
1780612863,0.0009334274067105567,amd64,linux,total,/kubepods/burstable/pod62fc476f-c2b4-4cf7-9a9d-ca71dea9fb42,minikube,kubernetes-cadvisor,amd64,minikube,linux,c93a4cb9311efc66b90d33ea03f75f2c4120e9b0,minikube,true,2026_05_10T19_19_17_0700,v1.38.1,online-boutique,shippingservice-5dcc4d7bd-7rtkk
1780612878,0.0013148859330095845,amd64,linux,total,/kubepods/burstable/pod62fc476f-c2b4-4cf7-9a9d-ca71dea9fb42,minikube,kubernetes-cadvisor,amd64,minikube,linux,c93a4cb9311efc66b90d33ea03f75f2c4120e9b0,minikube,true,2026_05_10T19_19_17_0700,v1.38.1,online-boutique,shippingservice-5dcc4d7bd-7rtkk
1780612893,0.0012258632840029308,amd64,linux,total,/kubepods/burstable/pod62fc476f-c2b4-4cf7-9a9d-ca71dea9fb42,minikube,kubernetes-cadvisor,amd64,minikube,linux,c93a4cb9311efc66b90d33ea03f75f2c4120e9b0,minikube,true,2026_05_10T19_19_17_0700,v1.38.1,online-boutique,shippingservice-5dcc4d7bd-7rtkk
1780612908,0.0012641044501655076,amd64,linux,total,/kubepods/burstable/pod62fc476f-c2b4-4cf7-9a9d-ca71dea9fb42,minikube,kubernetes-cadvisor,amd64,minikube,linux,c93a4cb9311efc66b90d33ea03f75f2c4120e9b0,minikube,true,2026_05_10T19_19_17_0700,v1.38.1,online-boutique,shippingservice-5dcc4d7bd-7rtkk
1780612923,0.0013059254008697487,amd64,linux,total,/kubepods/burstable/pod62fc476f-c2b4-4cf7-9a9d-ca71dea9fb42,minikube,kubernetes-cadvisor,amd64,minikube,linux,c93a4cb9311efc66b90d33ea03f75f2c4120e9b0,minikube,true,2026_05_10T19_19_17_0700,v1.38.1,online-boutique,shippingservice-5dcc4d7bd-7rtkk
1780612938,0.0015288821992502388,amd64,linux,total,/kubepods/burstable/pod62fc476f-c2b4-4cf7-9a9d-ca71dea9fb42,minikube,kubernetes-cadvisor,amd64,minikube,linux,c93a4cb9311efc66b90d33ea03f75f2c4120e9b0,minikube,true,2026_05_10T19_19_17_0700,v1.38.1,online-boutique,shippingservice-5dcc4d7bd-7rtkk
1780612953,0.0013874890309640777,amd64,linux,total,/kubepods/burstable/pod62fc476f-c2b4-4cf7-9a9d-ca71dea9fb42,minikube,kubernetes-cadvisor,amd64,minikube,linux,c93a4cb9311efc66b90d33ea03f75f2c4120e9b0,minikube,true,2026_05_10T19_19_17_0700,v1.38.1,online-boutique,shippingservice-5dcc4d7bd-7rtkk
1780612968,0.0011975046456065654,amd64,linux,total,/kubepods/burstable/pod62fc476f-c2b4-4cf7-9a9d-ca71dea9fb42,minikube,kubernetes-cadvisor,amd64,minikube,linux,c93a4cb9311efc66b90d33ea03f75f2c4120e9b0,minikube,true,2026_05_10T19_19_17_0700,v1.38.1,online-boutique,shippingservice-5dcc4d7bd-7rtkk
1780612983,0.0005490333333334263,amd64,linux,total,/kubepods/burstable/pod62fc476f-c2b4-4cf7-9a9d-ca71dea9fb42,minikube,kubernetes-cadvisor,amd64,minikube,linux,c93a4cb9311efc66b90d33ea03f75f2c4120e9b0,minikube,true,2026_05_10T19_19_17_0700,v1.38.1,online-boutique,shippingservice-5dcc4d7bd-7rtkk
1780612998,0.001309624083606301,amd64,linux,total,/kubepods/burstable/pod62fc476f-c2b4-4cf7-9a9d-ca71dea9fb42,minikube,kubernetes-cadvisor,amd64,minikube,linux,c93a4cb9311efc66b90d33ea03f75f2c4120e9b0,minikube,true,2026_05_10T19_19_17_0700,v1.38.1,online-boutique,shippingservice-5dcc4d7bd-7rtkk
1780613013,0.0008881109639194567,amd64,linux,total,/kubepods/burstable/pod62fc476f-c2b4-4cf7-9a9d-ca71dea9fb42,minikube,kubernetes-cadvisor,amd64,minikube,linux,c93a4cb9311efc66b90d33ea03f75f2c4120e9b0,minikube,true,2026_05_10T19_19_17_0700,v1.38.1,online-boutique,shippingservice-5dcc4d7bd-7rtkk
1780613028,0.0011252149410604475,amd64,linux,total,/kubepods/burstable/pod62fc476f-c2b4-4cf7-9a9d-ca71dea9fb42,minikube,kubernetes-cadvisor,amd64,minikube,linux,c93a4cb9311efc66b90d33ea03f75f2c4120e9b0,minikube,true,2026_05_10T19_19_17_0700,v1.38.1,online-boutique,shippingservice-5dcc4d7bd-7rtkk
1780613043,0.001275512136014312,amd64,linux,total,/kubepods/burstable/pod62fc476f-c2b4-4cf7-9a9d-ca71dea9fb42,minikube,kubernetes-cadvisor,amd64,minikube,linux,c93a4cb9311efc66b90d33ea03f75f2c4120e9b0,minikube,true,2026_05_10T19_19_17_0700,v1.38.1,online-boutique,shippingservice-5dcc4d7bd-7rtkk
1780612683,0.004653164139749473,amd64,linux,total,/kubepods/burstable/pod822c1d58-3c75-4aef-86c5-657472d1331d,minikube,kubernetes-cadvisor,amd64,minikube,linux,c93a4cb9311efc66b90d33ea03f75f2c4120e9b0,minikube,true,2026_05_10T19_19_17_0700,v1.38.1,online-boutique,loadgenerator-b865df6c6-rqqts
1780612698,0.002780550000000386,amd64,linux,total,/kubepods/burstable/pod822c1d58-3c75-4aef-86c5-657472d1331d,minikube,kubernetes-cadvisor,amd64,minikube,linux,c93a4cb9311efc66b90d33ea03f75f2c4120e9b0,minikube,true,2026_05_10T19_19_17_0700,v1.38.1,online-boutique,loadgenerator-b865df6c6-rqqts
1780612713,0.004178188747617915,amd64,linux,total,/kubepods/burstable/pod822c1d58-3c75-4aef-86c5-657472d1331d,minikube,kubernetes-cadvisor,amd64,minikube,linux,c93a4cb9311efc66b90d33ea03f75f2c4120e9b0,minikube,true,2026_05_10T19_19_17_0700,v1.38.1,online-boutique,loadgenerator-b865df6c6-rqqts
1780612728,0.0024689031919323716,amd64,linux,total,/kubepods/burstable/pod822c1d58-3c75-4aef-86c5-657472d1331d,minikube,kubernetes-cadvisor,amd64,minikube,linux,c93a4cb9311efc66b90d33ea03f75f2c4120e9b0,minikube,true,2026_05_10T19_19_17_0700,v1.38.1,online-boutique,loadgenerator-b865df6c6-rqqts
1780612743,0.004069252322666296,amd64,linux,total,/kubepods/burstable/pod822c1d58-3c75-4aef-86c5-657472d1331d,minikube,kubernetes-cadvisor,amd64,minikube,linux,c93a4cb9311efc66b90d33ea03f75f2c4120e9b0,minikube,true,2026_05_10T19_19_17_0700,v1.38.1,online-boutique,loadgenerator-b865df6c6-rqqts
1780612758,0.004300763452776434,amd64,linux,total,/kubepods/burstable/pod822c1d58-3c75-4aef-86c5-657472d1331d,minikube,kubernetes-cadvisor,amd64,minikube,linux,c93a4cb9311efc66b90d33ea03f75f2c4120e9b0,minikube,true,2026_05_10T19_19_17_0700,v1.38.1,online-boutique,loadgenerator-b865df6c6-rqqts
1780612773,0.004257117914327062,amd64,linux,total,/kubepods/burstable/pod822c1d58-3c75-4aef-86c5-657472d1331d,minikube,kubernetes-cadvisor,amd64,minikube,linux,c93a4cb9311efc66b90d33ea03f75f2c4120e9b0,minikube,true,2026_05_10T19_19_17_0700,v1.38.1,online-boutique,loadgenerator-b865df6c6-rqqts
1780612788,0.0031960344597693788,amd64,linux,total,/kubepods/burstable/pod822c1d58-3c75-4aef-86c5-657472d1331d,minikube,kubernetes-cadvisor,amd64,minikube,linux,c93a4cb9311efc66b90d33ea03f75f2c4120e9b0,minikube,true,2026_05_10T19_19_17_0700,v1.38.1,online-boutique,loadgenerator-b865df6c6-rqqts
1780612803,0.004247105652775923,amd64,linux,total,/kubepods/burstable/pod822c1d58-3c75-4aef-86c5-657472d1331d,minikube,kubernetes-cadvisor,amd64,minikube,linux,c93a4cb9311efc66b90d33ea03f75f2c4120e9b0,minikube,true,2026_05_10T19_19_17_0700,v1.38.1,online-boutique,loadgenerator-b865df6c6-rqqts
1780612818,0.0046916361841074505,amd64,linux,total,/kubepods/burstable/pod822c1d58-3c75-4aef-86c5-657472d1331d,minikube,kubernetes-cadvisor,amd64,minikube,linux,c93a4cb9311efc66b90d33ea03f75f2c4120e9b0,minikube,true,2026_05_10T19_19_17_0700,v1.38.1,online-boutique,loadgenerator-b865df6c6-rqqts
1780612833,0.0046330487584921075,amd64,linux,total,/kubepods/burstable/pod822c1d58-3c75-4aef-86c5-657472d1331d,minikube,kubernetes-cadvisor,amd64,minikube,linux,c93a4cb9311efc66b90d33ea03f75f2c4120e9b0,minikube,true,2026_05_10T19_19_17_0700,v1.38.1,online-boutique,loadgenerator-b865df6c6-rqqts
1780612848,0.00451535143364631,amd64,linux,total,/kubepods/burstable/pod822c1d58-3c75-4aef-86c5-657472d1331d,minikube,kubernetes-cadvisor,amd64,minikube,linux,c93a4cb9311efc66b90d33ea03f75f2c4120e9b0,minikube,true,2026_05_10T19_19_17_0700,v1.38.1,online-boutique,loadgenerator-b865df6c6-rqqts
1780612863,0.004325929835958988,amd64,linux,total,/kubepods/burstable/pod822c1d58-3c75-4aef-86c5-657472d1331d,minikube,kubernetes-cadvisor,amd64,minikube,linux,c93a4cb9311efc66b90d33ea03f75f2c4120e9b0,minikube,true,2026_05_10T19_19_17_0700,v1.38.1,online-boutique,loadgenerator-b865df6c6-rqqts
1780612878,0.004725365740381992,amd64,linux,total,/kubepods/burstable/pod822c1d58-3c75-4aef-86c5-657472d1331d,minikube,kubernetes-cadvisor,amd64,minikube,linux,c93a4cb9311efc66b90d33ea03f75f2c4120e9b0,minikube,true,2026_05_10T19_19_17_0700,v1.38.1,online-boutique,loadgenerator-b865df6c6-rqqts
1780612893,0.004933496713824244,amd64,linux,total,/kubepods/burstable/pod822c1d58-3c75-4aef-86c5-657472d1331d,minikube,kubernetes-cadvisor,amd64,minikube,linux,c93a4cb9311efc66b90d33ea03f75f2c4120e9b0,minikube,true,2026_05_10T19_19_17_0700,v1.38.1,online-boutique,loadgenerator-b865df6c6-rqqts
1780612908,0.005110049071901018,amd64,linux,total,/kubepods/burstable/pod822c1d58-3c75-4aef-86c5-657472d1331d,minikube,kubernetes-cadvisor,amd64,minikube,linux,c93a4cb9311efc66b90d33ea03f75f2c4120e9b0,minikube,true,2026_05_10T19_19_17_0700,v1.38.1,online-boutique,loadgenerator-b865df6c6-rqqts
1780612923,0.005101791348853429,amd64,linux,total,/kubepods/burstable/pod822c1d58-3c75-4aef-86c5-657472d1331d,minikube,kubernetes-cadvisor,amd64,minikube,linux,c93a4cb9311efc66b90d33ea03f75f2c4120e9b0,minikube,true,2026_05_10T19_19_17_0700,v1.38.1,online-boutique,loadgenerator-b865df6c6-rqqts
1780612938,0.005156794503830626,amd64,linux,total,/kubepods/burstable/pod822c1d58-3c75-4aef-86c5-657472d1331d,minikube,kubernetes-cadvisor,amd64,minikube,linux,c93a4cb9311efc66b90d33ea03f75f2c4120e9b0,minikube,true,2026_05_10T19_19_17_0700,v1.38.1,online-boutique,loadgenerator-b865df6c6-rqqts
1780612953,0.005097670250896138,amd64,linux,total,/kubepods/burstable/pod822c1d58-3c75-4aef-86c5-657472d1331d,minikube,kubernetes-cadvisor,amd64,minikube,linux,c93a4cb9311efc66b90d33ea03f75f2c4120e9b0,minikube,true,2026_05_10T19_19_17_0700,v1.38.1,online-boutique,loadgenerator-b865df6c6-rqqts
1780612968,0.004619023935343574,amd64,linux,total,/kubepods/burstable/pod822c1d58-3c75-4aef-86c5-657472d1331d,minikube,kubernetes-cadvisor,amd64,minikube,linux,c93a4cb9311efc66b90d33ea03f75f2c4120e9b0,minikube,true,2026_05_10T19_19_17_0700,v1.38.1,online-boutique,loadgenerator-b865df6c6-rqqts
1780612983,0.0044159318398469755,amd64,linux,total,/kubepods/burstable/pod822c1d58-3c75-4aef-86c5-657472d1331d,minikube,kubernetes-cadvisor,amd64,minikube,linux,c93a4cb9311efc66b90d33ea03f75f2c4120e9b0,minikube,true,2026_05_10T19_19_17_0700,v1.38.1,online-boutique,loadgenerator-b865df6c6-rqqts
1780612998,0.004460837105528438,amd64,linux,total,/kubepods/burstable/pod822c1d58-3c75-4aef-86c5-657472d1331d,minikube,kubernetes-cadvisor,amd64,minikube,linux,c93a4cb9311efc66b90d33ea03f75f2c4120e9b0,minikube,true,2026_05_10T19_19_17_0700,v1.38.1,online-boutique,loadgenerator-b865df6c6-rqqts
1780613013,0.004604469612700864,amd64,linux,total,/kubepods/burstable/pod822c1d58-3c75-4aef-86c5-657472d1331d,minikube,kubernetes-cadvisor,amd64,minikube,linux,c93a4cb9311efc66b90d33ea03f75f2c4120e9b0,minikube,true,2026_05_10T19_19_17_0700,v1.38.1,online-boutique,loadgenerator-b865df6c6-rqqts
1780613028,0.0048646468495936995,amd64,linux,total,/kubepods/burstable/pod822c1d58-3c75-4aef-86c5-657472d1331d,minikube,kubernetes-cadvisor,amd64,minikube,linux,c93a4cb9311efc66b90d33ea03f75f2c4120e9b0,minikube,true,2026_05_10T19_19_17_0700,v1.38.1,online-boutique,loadgenerator-b865df6c6-rqqts
1780613043,0.0047107880869204505,amd64,linux,total,/kubepods/burstable/pod822c1d58-3c75-4aef-86c5-657472d1331d,minikube,kubernetes-cadvisor,amd64,minikube,linux,c93a4cb9311efc66b90d33ea03f75f2c4120e9b0,minikube,true,2026_05_10T19_19_17_0700,v1.38.1,online-boutique,loadgenerator-b865df6c6-rqqts
1780612683,0.0006340627589759702,amd64,linux,total,/kubepods/burstable/pod9c55848b-1404-4776-a979-1364b72f35a0,minikube,kubernetes-cadvisor,amd64,minikube,linux,c93a4cb9311efc66b90d33ea03f75f2c4120e9b0,minikube,true,2026_05_10T19_19_17_0700,v1.38.1,online-boutique,paymentservice-79b96847c-hlmrf
1780612698,0.0005210730265260548,amd64,linux,total,/kubepods/burstable/pod9c55848b-1404-4776-a979-1364b72f35a0,minikube,kubernetes-cadvisor,amd64,minikube,linux,c93a4cb9311efc66b90d33ea03f75f2c4120e9b0,minikube,true,2026_05_10T19_19_17_0700,v1.38.1,online-boutique,paymentservice-79b96847c-hlmrf
1780612713,0.000510523577543425,amd64,linux,total,/kubepods/burstable/pod9c55848b-1404-4776-a979-1364b72f35a0,minikube,kubernetes-cadvisor,amd64,minikube,linux,c93a4cb9311efc66b90d33ea03f75f2c4120e9b0,minikube,true,2026_05_10T19_19_17_0700,v1.38.1,online-boutique,paymentservice-79b96847c-hlmrf
1780612728,0.0004123554034269649,amd64,linux,total,/kubepods/burstable/pod9c55848b-1404-4776-a979-1364b72f35a0,minikube,kubernetes-cadvisor,amd64,minikube,linux,c93a4cb9311efc66b90d33ea03f75f2c4120e9b0,minikube,true,2026_05_10T19_19_17_0700,v1.38.1,online-boutique,paymentservice-79b96847c-hlmrf
1780612743,0.000562873527063322,amd64,linux,total,/kubepods/burstable/pod9c55848b-1404-4776-a979-1364b72f35a0,minikube,kubernetes-cadvisor,amd64,minikube,linux,c93a4cb9311efc66b90d33ea03f75f2c4120e9b0,minikube,true,2026_05_10T19_19_17_0700,v1.38.1,online-boutique,paymentservice-79b96847c-hlmrf
1780612758,0.000568600839371129,amd64,linux,total,/kubepods/burstable/pod9c55848b-1404-4776-a979-1364b72f35a0,minikube,kubernetes-cadvisor,amd64,minikube,linux,c93a4cb9311efc66b90d33ea03f75f2c4120e9b0,minikube,true,2026_05_10T19_19_17_0700,v1.38.1,online-boutique,paymentservice-79b96847c-hlmrf
1780612773,0.0006734087826778132,amd64,linux,total,/kubepods/burstable/pod9c55848b-1404-4776-a979-1364b72f35a0,minikube,kubernetes-cadvisor,amd64,minikube,linux,c93a4cb9311efc66b90d33ea03f75f2c4120e9b0,minikube,true,2026_05_10T19_19_17_0700,v1.38.1,online-boutique,paymentservice-79b96847c-hlmrf
1780612788,0.0006442976356050433,amd64,linux,total,/kubepods/burstable/pod9c55848b-1404-4776-a979-1364b72f35a0,minikube,kubernetes-cadvisor,amd64,minikube,linux,c93a4cb9311efc66b90d33ea03f75f2c4120e9b0,minikube,true,2026_05_10T19_19_17_0700,v1.38.1,online-boutique,paymentservice-79b96847c-hlmrf
1780612803,0.000646227805619153,amd64,linux,total,/kubepods/burstable/pod9c55848b-1404-4776-a979-1364b72f35a0,minikube,kubernetes-cadvisor,amd64,minikube,linux,c93a4cb9311efc66b90d33ea03f75f2c4120e9b0,minikube,true,2026_05_10T19_19_17_0700,v1.38.1,online-boutique,paymentservice-79b96847c-hlmrf
1780612818,0.0006541590502782629,amd64,linux,total,/kubepods/burstable/pod9c55848b-1404-4776-a979-1364b72f35a0,minikube,kubernetes-cadvisor,amd64,minikube,linux,c93a4cb9311efc66b90d33ea03f75f2c4120e9b0,minikube,true,2026_05_10T19_19_17_0700,v1.38.1,online-boutique,paymentservice-79b96847c-hlmrf
1780612833,0.0006051626549677434,amd64,linux,total,/kubepods/burstable/pod9c55848b-1404-4776-a979-1364b72f35a0,minikube,kubernetes-cadvisor,amd64,minikube,linux,c93a4cb9311efc66b90d33ea03f75f2c4120e9b0,minikube,true,2026_05_10T19_19_17_0700,v1.38.1,online-boutique,paymentservice-79b96847c-hlmrf
1780612848,0.0006593785070237401,amd64,linux,total,/kubepods/burstable/pod9c55848b-1404-4776-a979-1364b72f35a0,minikube,kubernetes-cadvisor,amd64,minikube,linux,c93a4cb9311efc66b90d33ea03f75f2c4120e9b0,minikube,true,2026_05_10T19_19_17_0700,v1.38.1,online-boutique,paymentservice-79b96847c-hlmrf
1780612863,0.000640443117400115,amd64,linux,total,/kubepods/burstable/pod9c55848b-1404-4776-a979-1364b72f35a0,minikube,kubernetes-cadvisor,amd64,minikube,linux,c93a4cb9311efc66b90d33ea03f75f2c4120e9b0,minikube,true,2026_05_10T19_19_17_0700,v1.38.1,online-boutique,paymentservice-79b96847c-hlmrf
1780612878,0.0007514241205329134,amd64,linux,total,/kubepods/burstable/pod9c55848b-1404-4776-a979-1364b72f35a0,minikube,kubernetes-cadvisor,amd64,minikube,linux,c93a4cb9311efc66b90d33ea03f75f2c4120e9b0,minikube,true,2026_05_10T19_19_17_0700,v1.38.1,online-boutique,paymentservice-79b96847c-hlmrf
1780612893,0.0006921766389532184,amd64,linux,total,/kubepods/burstable/pod9c55848b-1404-4776-a979-1364b72f35a0,minikube,kubernetes-cadvisor,amd64,minikube,linux,c93a4cb9311efc66b90d33ea03f75f2c4120e9b0,minikube,true,2026_05_10T19_19_17_0700,v1.38.1,online-boutique,paymentservice-79b96847c-hlmrf
1780612908,0.0006928320140721264,amd64,linux,total,/kubepods/burstable/pod9c55848b-1404-4776-a979-1364b72f35a0,minikube,kubernetes-cadvisor,amd64,minikube,linux,c93a4cb9311efc66b90d33ea03f75f2c4120e9b0,minikube,true,2026_05_10T19_19_17_0700,v1.38.1,online-boutique,paymentservice-79b96847c-hlmrf
1780612923,0.0007885180949269055,amd64,linux,total,/kubepods/burstable/pod9c55848b-1404-4776-a979-1364b72f35a0,minikube,kubernetes-cadvisor,amd64,minikube,linux,c93a4cb9311efc66b90d33ea03f75f2c4120e9b0,minikube,true,2026_05_10T19_19_17_0700,v1.38.1,online-boutique,paymentservice-79b96847c-hlmrf
1780612938,0.0008987769288782408,amd64,linux,total,/kubepods/burstable/pod9c55848b-1404-4776-a979-1364b72f35a0,minikube,kubernetes-cadvisor,amd64,minikube,linux,c93a4cb9311efc66b90d33ea03f75f2c4120e9b0,minikube,true,2026_05_10T19_19_17_0700,v1.38.1,online-boutique,paymentservice-79b96847c-hlmrf
1780612953,0.0004820625225635952,amd64,linux,total,/kubepods/burstable/pod9c55848b-1404-4776-a979-1364b72f35a0,minikube,kubernetes-cadvisor,amd64,minikube,linux,c93a4cb9311efc66b90d33ea03f75f2c4120e9b0,minikube,true,2026_05_10T19_19_17_0700,v1.38.1,online-boutique,paymentservice-79b96847c-hlmrf
1780612968,0.0006229784544066271,amd64,linux,total,/kubepods/burstable/pod9c55848b-1404-4776-a979-1364b72f35a0,minikube,kubernetes-cadvisor,amd64,minikube,linux,c93a4cb9311efc66b90d33ea03f75f2c4120e9b0,minikube,true,2026_05_10T19_19_17_0700,v1.38.1,online-boutique,paymentservice-79b96847c-hlmrf
1780612983,0.000564293242768455,amd64,linux,total,/kubepods/burstable/pod9c55848b-1404-4776-a979-1364b72f35a0,minikube,kubernetes-cadvisor,amd64,minikube,linux,c93a4cb9311efc66b90d33ea03f75f2c4120e9b0,minikube,true,2026_05_10T19_19_17_0700,v1.38.1,online-boutique,paymentservice-79b96847c-hlmrf
1780612998,0.0005271874748450416,amd64,linux,total,/kubepods/burstable/pod9c55848b-1404-4776-a979-1364b72f35a0,minikube,kubernetes-cadvisor,amd64,minikube,linux,c93a4cb9311efc66b90d33ea03f75f2c4120e9b0,minikube,true,2026_05_10T19_19_17_0700,v1.38.1,online-boutique,paymentservice-79b96847c-hlmrf
1780613013,0.0006703873536864758,amd64,linux,total,/kubepods/burstable/pod9c55848b-1404-4776-a979-1364b72f35a0,minikube,kubernetes-cadvisor,amd64,minikube,linux,c93a4cb9311efc66b90d33ea03f75f2c4120e9b0,minikube,true,2026_05_10T19_19_17_0700,v1.38.1,online-boutique,paymentservice-79b96847c-hlmrf
1780613028,0.0006984751274389139,amd64,linux,total,/kubepods/burstable/pod9c55848b-1404-4776-a979-1364b72f35a0,minikube,kubernetes-cadvisor,amd64,minikube,linux,c93a4cb9311efc66b90d33ea03f75f2c4120e9b0,minikube,true,2026_05_10T19_19_17_0700,v1.38.1,online-boutique,paymentservice-79b96847c-hlmrf
1780613043,0.0007067698073319988,amd64,linux,total,/kubepods/burstable/pod9c55848b-1404-4776-a979-1364b72f35a0,minikube,kubernetes-cadvisor,amd64,minikube,linux,c93a4cb9311efc66b90d33ea03f75f2c4120e9b0,minikube,true,2026_05_10T19_19_17_0700,v1.38.1,online-boutique,paymentservice-79b96847c-hlmrf
1780612683,0.0021369249999999337,amd64,linux,total,/kubepods/burstable/podc03c8c5b-8ea8-4ccb-923c-5caf5cd444a0,minikube,kubernetes-cadvisor,amd64,minikube,linux,c93a4cb9311efc66b90d33ea03f75f2c4120e9b0,minikube,true,2026_05_10T19_19_17_0700,v1.38.1,online-boutique,redis-cart-6899b65948-brs6z
1780612698,0.0031623138550672188,amd64,linux,total,/kubepods/burstable/podc03c8c5b-8ea8-4ccb-923c-5caf5cd444a0,minikube,kubernetes-cadvisor,amd64,minikube,linux,c93a4cb9311efc66b90d33ea03f75f2c4120e9b0,minikube,true,2026_05_10T19_19_17_0700,v1.38.1,online-boutique,redis-cart-6899b65948-brs6z
1780612713,0.0031310893023669467,amd64,linux,total,/kubepods/burstable/podc03c8c5b-8ea8-4ccb-923c-5caf5cd444a0,minikube,kubernetes-cadvisor,amd64,minikube,linux,c93a4cb9311efc66b90d33ea03f75f2c4120e9b0,minikube,true,2026_05_10T19_19_17_0700,v1.38.1,online-boutique,redis-cart-6899b65948-brs6z
1780612728,0.003109185874872096,amd64,linux,total,/kubepods/burstable/podc03c8c5b-8ea8-4ccb-923c-5caf5cd444a0,minikube,kubernetes-cadvisor,amd64,minikube,linux,c93a4cb9311efc66b90d33ea03f75f2c4120e9b0,minikube,true,2026_05_10T19_19_17_0700,v1.38.1,online-boutique,redis-cart-6899b65948-brs6z
1780612743,0.003109185874872096,amd64,linux,total,/kubepods/burstable/podc03c8c5b-8ea8-4ccb-923c-5caf5cd444a0,minikube,kubernetes-cadvisor,amd64,minikube,linux,c93a4cb9311efc66b90d33ea03f75f2c4120e9b0,minikube,true,2026_05_10T19_19_17_0700,v1.38.1,online-boutique,redis-cart-6899b65948-brs6z
1780612758,0.003196667392724652,amd64,linux,total,/kubepods/burstable/podc03c8c5b-8ea8-4ccb-923c-5caf5cd444a0,minikube,kubernetes-cadvisor,amd64,minikube,linux,c93a4cb9311efc66b90d33ea03f75f2c4120e9b0,minikube,true,2026_05_10T19_19_17_0700,v1.38.1,online-boutique,redis-cart-6899b65948-brs6z
1780612773,0.0032579415930395826,amd64,linux,total,/kubepods/burstable/podc03c8c5b-8ea8-4ccb-923c-5caf5cd444a0,minikube,kubernetes-cadvisor,amd64,minikube,linux,c93a4cb9311efc66b90d33ea03f75f2c4120e9b0,minikube,true,2026_05_10T19_19_17_0700,v1.38.1,online-boutique,redis-cart-6899b65948-brs6z
1780612788,0.0020798081343943982,amd64,linux,total,/kubepods/burstable/podc03c8c5b-8ea8-4ccb-923c-5caf5cd444a0,minikube,kubernetes-cadvisor,amd64,minikube,linux,c93a4cb9311efc66b90d33ea03f75f2c4120e9b0,minikube,true,2026_05_10T19_19_17_0700,v1.38.1,online-boutique,redis-cart-6899b65948-brs6z
1780612803,0.003119061234760079,amd64,linux,total,/kubepods/burstable/podc03c8c5b-8ea8-4ccb-923c-5caf5cd444a0,minikube,kubernetes-cadvisor,amd64,minikube,linux,c93a4cb9311efc66b90d33ea03f75f2c4120e9b0,minikube,true,2026_05_10T19_19_17_0700,v1.38.1,online-boutique,redis-cart-6899b65948-brs6z
1780612818,0.0020679000000001224,amd64,linux,total,/kubepods/burstable/podc03c8c5b-8ea8-4ccb-923c-5caf5cd444a0,minikube,kubernetes-cadvisor,amd64,minikube,linux,c93a4cb9311efc66b90d33ea03f75f2c4120e9b0,minikube,true,2026_05_10T19_19_17_0700,v1.38.1,online-boutique,redis-cart-6899b65948-brs6z
1780612833,0.003131885850598731,amd64,linux,total,/kubepods/burstable/podc03c8c5b-8ea8-4ccb-923c-5caf5cd444a0,minikube,kubernetes-cadvisor,amd64,minikube,linux,c93a4cb9311efc66b90d33ea03f75f2c4120e9b0,minikube,true,2026_05_10T19_19_17_0700,v1.38.1,online-boutique,redis-cart-6899b65948-brs6z
1780612848,0.0031532170443098004,amd64,linux,total,/kubepods/burstable/podc03c8c5b-8ea8-4ccb-923c-5caf5cd444a0,minikube,kubernetes-cadvisor,amd64,minikube,linux,c93a4cb9311efc66b90d33ea03f75f2c4120e9b0,minikube,true,2026_05_10T19_19_17_0700,v1.38.1,online-boutique,redis-cart-6899b65948-brs6z
1780612863,0.0031938404784529343,amd64,linux,total,/kubepods/burstable/podc03c8c5b-8ea8-4ccb-923c-5caf5cd444a0,minikube,kubernetes-cadvisor,amd64,minikube,linux,c93a4cb9311efc66b90d33ea03f75f2c4120e9b0,minikube,true,2026_05_10T19_19_17_0700,v1.38.1,online-boutique,redis-cart-6899b65948-brs6z
1780612878,0.003193804635641319,amd64,linux,total,/kubepods/burstable/podc03c8c5b-8ea8-4ccb-923c-5caf5cd444a0,minikube,kubernetes-cadvisor,amd64,minikube,linux,c93a4cb9311efc66b90d33ea03f75f2c4120e9b0,minikube,true,2026_05_10T19_19_17_0700,v1.38.1,online-boutique,redis-cart-6899b65948-brs6z
1780612893,0.003194939021799215,amd64,linux,total,/kubepods/burstable/podc03c8c5b-8ea8-4ccb-923c-5caf5cd444a0,minikube,kubernetes-cadvisor,amd64,minikube,linux,c93a4cb9311efc66b90d33ea03f75f2c4120e9b0,minikube,true,2026_05_10T19_19_17_0700,v1.38.1,online-boutique,redis-cart-6899b65948-brs6z
1780612908,0.003243211143990182,amd64,linux,total,/kubepods/burstable/podc03c8c5b-8ea8-4ccb-923c-5caf5cd444a0,minikube,kubernetes-cadvisor,amd64,minikube,linux,c93a4cb9311efc66b90d33ea03f75f2c4120e9b0,minikube,true,2026_05_10T19_19_17_0700,v1.38.1,online-boutique,redis-cart-6899b65948-brs6z
1780612923,0.0033100297306751176,amd64,linux,total,/kubepods/burstable/podc03c8c5b-8ea8-4ccb-923c-5caf5cd444a0,minikube,kubernetes-cadvisor,amd64,minikube,linux,c93a4cb9311efc66b90d33ea03f75f2c4120e9b0,minikube,true,2026_05_10T19_19_17_0700,v1.38.1,online-boutique,redis-cart-6899b65948-brs6z
1780612938,0.003289487817006495,amd64,linux,total,/kubepods/burstable/podc03c8c5b-8ea8-4ccb-923c-5caf5cd444a0,minikube,kubernetes-cadvisor,amd64,minikube,linux,c93a4cb9311efc66b90d33ea03f75f2c4120e9b0,minikube,true,2026_05_10T19_19_17_0700,v1.38.1,online-boutique,redis-cart-6899b65948-brs6z
1780612953,0.0032111463033668857,amd64,linux,total,/kubepods/burstable/podc03c8c5b-8ea8-4ccb-923c-5caf5cd444a0,minikube,kubernetes-cadvisor,amd64,minikube,linux,c93a4cb9311efc66b90d33ea03f75f2c4120e9b0,minikube,true,2026_05_10T19_19_17_0700,v1.38.1,online-boutique,redis-cart-6899b65948-brs6z
1780612968,0.0031147300599868506,amd64,linux,total,/kubepods/burstable/podc03c8c5b-8ea8-4ccb-923c-5caf5cd444a0,minikube,kubernetes-cadvisor,amd64,minikube,linux,c93a4cb9311efc66b90d33ea03f75f2c4120e9b0,minikube,true,2026_05_10T19_19_17_0700,v1.38.1,online-boutique,redis-cart-6899b65948-brs6z
1780612983,0.0031323270136453672,amd64,linux,total,/kubepods/burstable/podc03c8c5b-8ea8-4ccb-923c-5caf5cd444a0,minikube,kubernetes-cadvisor,amd64,minikube,linux,c93a4cb9311efc66b90d33ea03f75f2c4120e9b0,minikube,true,2026_05_10T19_19_17_0700,v1.38.1,online-boutique,redis-cart-6899b65948-brs6z
1780612998,0.0031855292732525394,amd64,linux,total,/kubepods/burstable/podc03c8c5b-8ea8-4ccb-923c-5caf5cd444a0,minikube,kubernetes-cadvisor,amd64,minikube,linux,c93a4cb9311efc66b90d33ea03f75f2c4120e9b0,minikube,true,2026_05_10T19_19_17_0700,v1.38.1,online-boutique,redis-cart-6899b65948-brs6z
1780613013,0.0032281178578044884,amd64,linux,total,/kubepods/burstable/podc03c8c5b-8ea8-4ccb-923c-5caf5cd444a0,minikube,kubernetes-cadvisor,amd64,minikube,linux,c93a4cb9311efc66b90d33ea03f75f2c4120e9b0,minikube,true,2026_05_10T19_19_17_0700,v1.38.1,online-boutique,redis-cart-6899b65948-brs6z
1780613028,0.0032303356056636837,amd64,linux,total,/kubepods/burstable/podc03c8c5b-8ea8-4ccb-923c-5caf5cd444a0,minikube,kubernetes-cadvisor,amd64,minikube,linux,c93a4cb9311efc66b90d33ea03f75f2c4120e9b0,minikube,true,2026_05_10T19_19_17_0700,v1.38.1,online-boutique,redis-cart-6899b65948-brs6z
1780613043,0.0033736500121971194,amd64,linux,total,/kubepods/burstable/podc03c8c5b-8ea8-4ccb-923c-5caf5cd444a0,minikube,kubernetes-cadvisor,amd64,minikube,linux,c93a4cb9311efc66b90d33ea03f75f2c4120e9b0,minikube,true,2026_05_10T19_19_17_0700,v1.38.1,online-boutique,redis-cart-6899b65948-brs6z
1780612683,0.006171416539463996,amd64,linux,total,/kubepods/burstable/podef0f4d13-54dc-44c4-bc7c-9f8246a87310,minikube,kubernetes-cadvisor,amd64,minikube,linux,c93a4cb9311efc66b90d33ea03f75f2c4120e9b0,minikube,true,2026_05_10T19_19_17_0700,v1.38.1,online-boutique,cartservice-7956c8c845-x7sqr
1780612698,0.005195080930120163,amd64,linux,total,/kubepods/burstable/podef0f4d13-54dc-44c4-bc7c-9f8246a87310,minikube,kubernetes-cadvisor,amd64,minikube,linux,c93a4cb9311efc66b90d33ea03f75f2c4120e9b0,minikube,true,2026_05_10T19_19_17_0700,v1.38.1,online-boutique,cartservice-7956c8c845-x7sqr
1780612713,0.006325159767968181,amd64,linux,total,/kubepods/burstable/podef0f4d13-54dc-44c4-bc7c-9f8246a87310,minikube,kubernetes-cadvisor,amd64,minikube,linux,c93a4cb9311efc66b90d33ea03f75f2c4120e9b0,minikube,true,2026_05_10T19_19_17_0700,v1.38.1,online-boutique,cartservice-7956c8c845-x7sqr
1780612728,0.006087509565865165,amd64,linux,total,/kubepods/burstable/podef0f4d13-54dc-44c4-bc7c-9f8246a87310,minikube,kubernetes-cadvisor,amd64,minikube,linux,c93a4cb9311efc66b90d33ea03f75f2c4120e9b0,minikube,true,2026_05_10T19_19_17_0700,v1.38.1,online-boutique,cartservice-7956c8c845-x7sqr
1780612743,0.004959080835066123,amd64,linux,total,/kubepods/burstable/podef0f4d13-54dc-44c4-bc7c-9f8246a87310,minikube,kubernetes-cadvisor,amd64,minikube,linux,c93a4cb9311efc66b90d33ea03f75f2c4120e9b0,minikube,true,2026_05_10T19_19_17_0700,v1.38.1,online-boutique,cartservice-7956c8c845-x7sqr
1780612758,0.0062234784700503885,amd64,linux,total,/kubepods/burstable/podef0f4d13-54dc-44c4-bc7c-9f8246a87310,minikube,kubernetes-cadvisor,amd64,minikube,linux,c93a4cb9311efc66b90d33ea03f75f2c4120e9b0,minikube,true,2026_05_10T19_19_17_0700,v1.38.1,online-boutique,cartservice-7956c8c845-x7sqr
1780612773,0.0059954288202002624,amd64,linux,total,/kubepods/burstable/podef0f4d13-54dc-44c4-bc7c-9f8246a87310,minikube,kubernetes-cadvisor,amd64,minikube,linux,c93a4cb9311efc66b90d33ea03f75f2c4120e9b0,minikube,true,2026_05_10T19_19_17_0700,v1.38.1,online-boutique,cartservice-7956c8c845-x7sqr
1780612788,0.004943490643820254,amd64,linux,total,/kubepods/burstable/podef0f4d13-54dc-44c4-bc7c-9f8246a87310,minikube,kubernetes-cadvisor,amd64,minikube,linux,c93a4cb9311efc66b90d33ea03f75f2c4120e9b0,minikube,true,2026_05_10T19_19_17_0700,v1.38.1,online-boutique,cartservice-7956c8c845-x7sqr
1780612803,0.0053005636118129435,amd64,linux,total,/kubepods/burstable/podef0f4d13-54dc-44c4-bc7c-9f8246a87310,minikube,kubernetes-cadvisor,amd64,minikube,linux,c93a4cb9311efc66b90d33ea03f75f2c4120e9b0,minikube,true,2026_05_10T19_19_17_0700,v1.38.1,online-boutique,cartservice-7956c8c845-x7sqr
1780612818,0.006007154826183095,amd64,linux,total,/kubepods/burstable/podef0f4d13-54dc-44c4-bc7c-9f8246a87310,minikube,kubernetes-cadvisor,amd64,minikube,linux,c93a4cb9311efc66b90d33ea03f75f2c4120e9b0,minikube,true,2026_05_10T19_19_17_0700,v1.38.1,online-boutique,cartservice-7956c8c845-x7sqr
1780612833,0.005904217638479566,amd64,linux,total,/kubepods/burstable/podef0f4d13-54dc-44c4-bc7c-9f8246a87310,minikube,kubernetes-cadvisor,amd64,minikube,linux,c93a4cb9311efc66b90d33ea03f75f2c4120e9b0,minikube,true,2026_05_10T19_19_17_0700,v1.38.1,online-boutique,cartservice-7956c8c845-x7sqr
1780612848,0.006153139947539018,amd64,linux,total,/kubepods/burstable/podef0f4d13-54dc-44c4-bc7c-9f8246a87310,minikube,kubernetes-cadvisor,amd64,minikube,linux,c93a4cb9311efc66b90d33ea03f75f2c4120e9b0,minikube,true,2026_05_10T19_19_17_0700,v1.38.1,online-boutique,cartservice-7956c8c845-x7sqr
1780612863,0.006082571224267028,amd64,linux,total,/kubepods/burstable/podef0f4d13-54dc-44c4-bc7c-9f8246a87310,minikube,kubernetes-cadvisor,amd64,minikube,linux,c93a4cb9311efc66b90d33ea03f75f2c4120e9b0,minikube,true,2026_05_10T19_19_17_0700,v1.38.1,online-boutique,cartservice-7956c8c845-x7sqr
1780612878,0.006639996834441418,amd64,linux,total,/kubepods/burstable/podef0f4d13-54dc-44c4-bc7c-9f8246a87310,minikube,kubernetes-cadvisor,amd64,minikube,linux,c93a4cb9311efc66b90d33ea03f75f2c4120e9b0,minikube,true,2026_05_10T19_19_17_0700,v1.38.1,online-boutique,cartservice-7956c8c845-x7sqr
1780612893,0.006761914590600381,amd64,linux,total,/kubepods/burstable/podef0f4d13-54dc-44c4-bc7c-9f8246a87310,minikube,kubernetes-cadvisor,amd64,minikube,linux,c93a4cb9311efc66b90d33ea03f75f2c4120e9b0,minikube,true,2026_05_10T19_19_17_0700,v1.38.1,online-boutique,cartservice-7956c8c845-x7sqr
1780612908,0.00702943982251765,amd64,linux,total,/kubepods/burstable/podef0f4d13-54dc-44c4-bc7c-9f8246a87310,minikube,kubernetes-cadvisor,amd64,minikube,linux,c93a4cb9311efc66b90d33ea03f75f2c4120e9b0,minikube,true,2026_05_10T19_19_17_0700,v1.38.1,online-boutique,cartservice-7956c8c845-x7sqr
1780612923,0.007911072442531636,amd64,linux,total,/kubepods/burstable/podef0f4d13-54dc-44c4-bc7c-9f8246a87310,minikube,kubernetes-cadvisor,amd64,minikube,linux,c93a4cb9311efc66b90d33ea03f75f2c4120e9b0,minikube,true,2026_05_10T19_19_17_0700,v1.38.1,online-boutique,cartservice-7956c8c845-x7sqr
1780612938,0.007757088624605172,amd64,linux,total,/kubepods/burstable/podef0f4d13-54dc-44c4-bc7c-9f8246a87310,minikube,kubernetes-cadvisor,amd64,minikube,linux,c93a4cb9311efc66b90d33ea03f75f2c4120e9b0,minikube,true,2026_05_10T19_19_17_0700,v1.38.1,online-boutique,cartservice-7956c8c845-x7sqr
1780612953,0.008046155257845272,amd64,linux,total,/kubepods/burstable/podef0f4d13-54dc-44c4-bc7c-9f8246a87310,minikube,kubernetes-cadvisor,amd64,minikube,linux,c93a4cb9311efc66b90d33ea03f75f2c4120e9b0,minikube,true,2026_05_10T19_19_17_0700,v1.38.1,online-boutique,cartservice-7956c8c845-x7sqr
1780612968,0.006171236709569121,amd64,linux,total,/kubepods/burstable/podef0f4d13-54dc-44c4-bc7c-9f8246a87310,minikube,kubernetes-cadvisor,amd64,minikube,linux,c93a4cb9311efc66b90d33ea03f75f2c4120e9b0,minikube,true,2026_05_10T19_19_17_0700,v1.38.1,online-boutique,cartservice-7956c8c845-x7sqr
1780612983,0.006259843043362971,amd64,linux,total,/kubepods/burstable/podef0f4d13-54dc-44c4-bc7c-9f8246a87310,minikube,kubernetes-cadvisor,amd64,minikube,linux,c93a4cb9311efc66b90d33ea03f75f2c4120e9b0,minikube,true,2026_05_10T19_19_17_0700,v1.38.1,online-boutique,cartservice-7956c8c845-x7sqr
1780612998,0.0047107500000002755,amd64,linux,total,/kubepods/burstable/podef0f4d13-54dc-44c4-bc7c-9f8246a87310,minikube,kubernetes-cadvisor,amd64,minikube,linux,c93a4cb9311efc66b90d33ea03f75f2c4120e9b0,minikube,true,2026_05_10T19_19_17_0700,v1.38.1,online-boutique,cartservice-7956c8c845-x7sqr
1780613013,0.006612999866850438,amd64,linux,total,/kubepods/burstable/podef0f4d13-54dc-44c4-bc7c-9f8246a87310,minikube,kubernetes-cadvisor,amd64,minikube,linux,c93a4cb9311efc66b90d33ea03f75f2c4120e9b0,minikube,true,2026_05_10T19_19_17_0700,v1.38.1,online-boutique,cartservice-7956c8c845-x7sqr
1780613028,0.006710294542304314,amd64,linux,total,/kubepods/burstable/podef0f4d13-54dc-44c4-bc7c-9f8246a87310,minikube,kubernetes-cadvisor,amd64,minikube,linux,c93a4cb9311efc66b90d33ea03f75f2c4120e9b0,minikube,true,2026_05_10T19_19_17_0700,v1.38.1,online-boutique,cartservice-7956c8c845-x7sqr
1780613043,0.005628222174495128,amd64,linux,total,/kubepods/burstable/podef0f4d13-54dc-44c4-bc7c-9f8246a87310,minikube,kubernetes-cadvisor,amd64,minikube,linux,c93a4cb9311efc66b90d33ea03f75f2c4120e9b0,minikube,true,2026_05_10T19_19_17_0700,v1.38.1,online-boutique,cartservice-7956c8c845-x7sqr
