timestamp,value,__name__,container,instance,job,namespace,pod,uid
1780608323,3,kube_pod_container_status_restarts_total,main,kube-state-metrics.monitoring.svc.cluster.local:8080,kube-state-metrics,online-boutique,loadgenerator-b865df6c6-rqqts,822c1d58-3c75-4aef-86c5-657472d1331d
1780608338,3,kube_pod_container_status_restarts_total,main,kube-state-metrics.monitoring.svc.cluster.local:8080,kube-state-metrics,online-boutique,loadgenerator-b865df6c6-rqqts,822c1d58-3c75-4aef-86c5-657472d1331d
1780608353,3,kube_pod_container_status_restarts_total,main,kube-state-metrics.monitoring.svc.cluster.local:8080,kube-state-metrics,online-boutique,loadgenerator-b865df6c6-rqqts,822c1d58-3c75-4aef-86c5-657472d1331d
1780608368,3,kube_pod_container_status_restarts_total,main,kube-state-metrics.monitoring.svc.cluster.local:8080,kube-state-metrics,online-boutique,loadgenerator-b865df6c6-rqqts,822c1d58-3c75-4aef-86c5-657472d1331d
1780608383,3,kube_pod_container_status_restarts_total,main,kube-state-metrics.monitoring.svc.cluster.local:8080,kube-state-metrics,online-boutique,loadgenerator-b865df6c6-rqqts,822c1d58-3c75-4aef-86c5-657472d1331d
1780608398,3,kube_pod_container_status_restarts_total,main,kube-state-metrics.monitoring.svc.cluster.local:8080,kube-state-metrics,online-boutique,loadgenerator-b865df6c6-rqqts,822c1d58-3c75-4aef-86c5-657472d1331d
1780608413,3,kube_pod_container_status_restarts_total,main,kube-state-metrics.monitoring.svc.cluster.local:8080,kube-state-metrics,online-boutique,loadgenerator-b865df6c6-rqqts,822c1d58-3c75-4aef-86c5-657472d1331d
1780608428,3,kube_pod_container_status_restarts_total,main,kube-state-metrics.monitoring.svc.cluster.local:8080,kube-state-metrics,online-boutique,loadgenerator-b865df6c6-rqqts,822c1d58-3c75-4aef-86c5-657472d1331d
1780608443,3,kube_pod_container_status_restarts_total,main,kube-state-metrics.monitoring.svc.cluster.local:8080,kube-state-metrics,online-boutique,loadgenerator-b865df6c6-rqqts,822c1d58-3c75-4aef-86c5-657472d1331d
1780608458,3,kube_pod_container_status_restarts_total,main,kube-state-metrics.monitoring.svc.cluster.local:8080,kube-state-metrics,online-boutique,loadgenerator-b865df6c6-rqqts,822c1d58-3c75-4aef-86c5-657472d1331d
1780608473,3,kube_pod_container_status_restarts_total,main,kube-state-metrics.monitoring.svc.cluster.local:8080,kube-state-metrics,online-boutique,loadgenerator-b865df6c6-rqqts,822c1d58-3c75-4aef-86c5-657472d1331d
1780608488,3,kube_pod_container_status_restarts_total,main,kube-state-metrics.monitoring.svc.cluster.local:8080,kube-state-metrics,online-boutique,loadgenerator-b865df6c6-rqqts,822c1d58-3c75-4aef-86c5-657472d1331d
1780608503,3,kube_pod_container_status_restarts_total,main,kube-state-metrics.monitoring.svc.cluster.local:8080,kube-state-metrics,online-boutique,loadgenerator-b865df6c6-rqqts,822c1d58-3c75-4aef-86c5-657472d1331d
1780608518,3,kube_pod_container_status_restarts_total,main,kube-state-metrics.monitoring.svc.cluster.local:8080,kube-state-metrics,online-boutique,loadgenerator-b865df6c6-rqqts,822c1d58-3c75-4aef-86c5-657472d1331d
1780608533,3,kube_pod_container_status_restarts_total,main,kube-state-metrics.monitoring.svc.cluster.local:8080,kube-state-metrics,online-boutique,loadgenerator-b865df6c6-rqqts,822c1d58-3c75-4aef-86c5-657472d1331d
1780608548,3,kube_pod_container_status_restarts_total,main,kube-state-metrics.monitoring.svc.cluster.local:8080,kube-state-metrics,online-boutique,loadgenerator-b865df6c6-rqqts,822c1d58-3c75-4aef-86c5-657472d1331d
1780608563,3,kube_pod_container_status_restarts_total,main,kube-state-metrics.monitoring.svc.cluster.local:8080,kube-state-metrics,online-boutique,loadgenerator-b865df6c6-rqqts,822c1d58-3c75-4aef-86c5-657472d1331d
1780608578,3,kube_pod_container_status_restarts_total,main,kube-state-metrics.monitoring.svc.cluster.local:8080,kube-state-metrics,online-boutique,loadgenerator-b865df6c6-rqqts,822c1d58-3c75-4aef-86c5-657472d1331d
1780608593,3,kube_pod_container_status_restarts_total,main,kube-state-metrics.monitoring.svc.cluster.local:8080,kube-state-metrics,online-boutique,loadgenerator-b865df6c6-rqqts,822c1d58-3c75-4aef-86c5-657472d1331d
1780608608,3,kube_pod_container_status_restarts_total,main,kube-state-metrics.monitoring.svc.cluster.local:8080,kube-state-metrics,online-boutique,loadgenerator-b865df6c6-rqqts,822c1d58-3c75-4aef-86c5-657472d1331d
1780608623,3,kube_pod_container_status_restarts_total,main,kube-state-metrics.monitoring.svc.cluster.local:8080,kube-state-metrics,online-boutique,loadgenerator-b865df6c6-rqqts,822c1d58-3c75-4aef-86c5-657472d1331d
1780608638,3,kube_pod_container_status_restarts_total,main,kube-state-metrics.monitoring.svc.cluster.local:8080,kube-state-metrics,online-boutique,loadgenerator-b865df6c6-rqqts,822c1d58-3c75-4aef-86c5-657472d1331d
1780608653,3,kube_pod_container_status_restarts_total,main,kube-state-metrics.monitoring.svc.cluster.local:8080,kube-state-metrics,online-boutique,loadgenerator-b865df6c6-rqqts,822c1d58-3c75-4aef-86c5-657472d1331d
1780608668,3,kube_pod_container_status_restarts_total,main,kube-state-metrics.monitoring.svc.cluster.local:8080,kube-state-metrics,online-boutique,loadgenerator-b865df6c6-rqqts,822c1d58-3c75-4aef-86c5-657472d1331d
1780608683,3,kube_pod_container_status_restarts_total,main,kube-state-metrics.monitoring.svc.cluster.local:8080,kube-state-metrics,online-boutique,loadgenerator-b865df6c6-rqqts,822c1d58-3c75-4aef-86c5-657472d1331d
1780608323,12,kube_pod_container_status_restarts_total,redis,kube-state-metrics.monitoring.svc.cluster.local:8080,kube-state-metrics,online-boutique,redis-cart-6899b65948-brs6z,c03c8c5b-8ea8-4ccb-923c-5caf5cd444a0
1780608338,12,kube_pod_container_status_restarts_total,redis,kube-state-metrics.monitoring.svc.cluster.local:8080,kube-state-metrics,online-boutique,redis-cart-6899b65948-brs6z,c03c8c5b-8ea8-4ccb-923c-5caf5cd444a0
1780608353,12,kube_pod_container_status_restarts_total,redis,kube-state-metrics.monitoring.svc.cluster.local:8080,kube-state-metrics,online-boutique,redis-cart-6899b65948-brs6z,c03c8c5b-8ea8-4ccb-923c-5caf5cd444a0
1780608368,12,kube_pod_container_status_restarts_total,redis,kube-state-metrics.monitoring.svc.cluster.local:8080,kube-state-metrics,online-boutique,redis-cart-6899b65948-brs6z,c03c8c5b-8ea8-4ccb-923c-5caf5cd444a0
1780608383,12,kube_pod_container_status_restarts_total,redis,kube-state-metrics.monitoring.svc.cluster.local:8080,kube-state-metrics,online-boutique,redis-cart-6899b65948-brs6z,c03c8c5b-8ea8-4ccb-923c-5caf5cd444a0
1780608398,12,kube_pod_container_status_restarts_total,redis,kube-state-metrics.monitoring.svc.cluster.local:8080,kube-state-metrics,online-boutique,redis-cart-6899b65948-brs6z,c03c8c5b-8ea8-4ccb-923c-5caf5cd444a0
1780608413,12,kube_pod_container_status_restarts_total,redis,kube-state-metrics.monitoring.svc.cluster.local:8080,kube-state-metrics,online-boutique,redis-cart-6899b65948-brs6z,c03c8c5b-8ea8-4ccb-923c-5caf5cd444a0
1780608428,12,kube_pod_container_status_restarts_total,redis,kube-state-metrics.monitoring.svc.cluster.local:8080,kube-state-metrics,online-boutique,redis-cart-6899b65948-brs6z,c03c8c5b-8ea8-4ccb-923c-5caf5cd444a0
1780608443,12,kube_pod_container_status_restarts_total,redis,kube-state-metrics.monitoring.svc.cluster.local:8080,kube-state-metrics,online-boutique,redis-cart-6899b65948-brs6z,c03c8c5b-8ea8-4ccb-923c-5caf5cd444a0
1780608458,12,kube_pod_container_status_restarts_total,redis,kube-state-metrics.monitoring.svc.cluster.local:8080,kube-state-metrics,online-boutique,redis-cart-6899b65948-brs6z,c03c8c5b-8ea8-4ccb-923c-5caf5cd444a0
1780608473,12,kube_pod_container_status_restarts_total,redis,kube-state-metrics.monitoring.svc.cluster.local:8080,kube-state-metrics,online-boutique,redis-cart-6899b65948-brs6z,c03c8c5b-8ea8-4ccb-923c-5caf5cd444a0
1780608488,12,kube_pod_container_status_restarts_total,redis,kube-state-metrics.monitoring.svc.cluster.local:8080,kube-state-metrics,online-boutique,redis-cart-6899b65948-brs6z,c03c8c5b-8ea8-4ccb-923c-5caf5cd444a0
1780608503,12,kube_pod_container_status_restarts_total,redis,kube-state-metrics.monitoring.svc.cluster.local:8080,kube-state-metrics,online-boutique,redis-cart-6899b65948-brs6z,c03c8c5b-8ea8-4ccb-923c-5caf5cd444a0
1780608518,12,kube_pod_container_status_restarts_total,redis,kube-state-metrics.monitoring.svc.cluster.local:8080,kube-state-metrics,online-boutique,redis-cart-6899b65948-brs6z,c03c8c5b-8ea8-4ccb-923c-5caf5cd444a0
1780608533,12,kube_pod_container_status_restarts_total,redis,kube-state-metrics.monitoring.svc.cluster.local:8080,kube-state-metrics,online-boutique,redis-cart-6899b65948-brs6z,c03c8c5b-8ea8-4ccb-923c-5caf5cd444a0
1780608548,12,kube_pod_container_status_restarts_total,redis,kube-state-metrics.monitoring.svc.cluster.local:8080,kube-state-metrics,online-boutique,redis-cart-6899b65948-brs6z,c03c8c5b-8ea8-4ccb-923c-5caf5cd444a0
1780608563,12,kube_pod_container_status_restarts_total,redis,kube-state-metrics.monitoring.svc.cluster.local:8080,kube-state-metrics,online-boutique,redis-cart-6899b65948-brs6z,c03c8c5b-8ea8-4ccb-923c-5caf5cd444a0
1780608578,12,kube_pod_container_status_restarts_total,redis,kube-state-metrics.monitoring.svc.cluster.local:8080,kube-state-metrics,online-boutique,redis-cart-6899b65948-brs6z,c03c8c5b-8ea8-4ccb-923c-5caf5cd444a0
1780608593,12,kube_pod_container_status_restarts_total,redis,kube-state-metrics.monitoring.svc.cluster.local:8080,kube-state-metrics,online-boutique,redis-cart-6899b65948-brs6z,c03c8c5b-8ea8-4ccb-923c-5caf5cd444a0
1780608608,12,kube_pod_container_status_restarts_total,redis,kube-state-metrics.monitoring.svc.cluster.local:8080,kube-state-metrics,online-boutique,redis-cart-6899b65948-brs6z,c03c8c5b-8ea8-4ccb-923c-5caf5cd444a0
1780608623,12,kube_pod_container_status_restarts_total,redis,kube-state-metrics.monitoring.svc.cluster.local:8080,kube-state-metrics,online-boutique,redis-cart-6899b65948-brs6z,c03c8c5b-8ea8-4ccb-923c-5caf5cd444a0
1780608638,12,kube_pod_container_status_restarts_total,redis,kube-state-metrics.monitoring.svc.cluster.local:8080,kube-state-metrics,online-boutique,redis-cart-6899b65948-brs6z,c03c8c5b-8ea8-4ccb-923c-5caf5cd444a0
1780608653,12,kube_pod_container_status_restarts_total,redis,kube-state-metrics.monitoring.svc.cluster.local:8080,kube-state-metrics,online-boutique,redis-cart-6899b65948-brs6z,c03c8c5b-8ea8-4ccb-923c-5caf5cd444a0
1780608668,12,kube_pod_container_status_restarts_total,redis,kube-state-metrics.monitoring.svc.cluster.local:8080,kube-state-metrics,online-boutique,redis-cart-6899b65948-brs6z,c03c8c5b-8ea8-4ccb-923c-5caf5cd444a0
1780608683,12,kube_pod_container_status_restarts_total,redis,kube-state-metrics.monitoring.svc.cluster.local:8080,kube-state-metrics,online-boutique,redis-cart-6899b65948-brs6z,c03c8c5b-8ea8-4ccb-923c-5caf5cd444a0
1780608323,11,kube_pod_container_status_restarts_total,server,kube-state-metrics.monitoring.svc.cluster.local:8080,kube-state-metrics,online-boutique,adservice-64dd5464b8-75dzr,187940fe-085c-49fa-8e70-566b8297dee8
1780608338,11,kube_pod_container_status_restarts_total,server,kube-state-metrics.monitoring.svc.cluster.local:8080,kube-state-metrics,online-boutique,adservice-64dd5464b8-75dzr,187940fe-085c-49fa-8e70-566b8297dee8
1780608353,11,kube_pod_container_status_restarts_total,server,kube-state-metrics.monitoring.svc.cluster.local:8080,kube-state-metrics,online-boutique,adservice-64dd5464b8-75dzr,187940fe-085c-49fa-8e70-566b8297dee8
1780608368,11,kube_pod_container_status_restarts_total,server,kube-state-metrics.monitoring.svc.cluster.local:8080,kube-state-metrics,online-boutique,adservice-64dd5464b8-75dzr,187940fe-085c-49fa-8e70-566b8297dee8
1780608383,11,kube_pod_container_status_restarts_total,server,kube-state-metrics.monitoring.svc.cluster.local:8080,kube-state-metrics,online-boutique,adservice-64dd5464b8-75dzr,187940fe-085c-49fa-8e70-566b8297dee8
1780608398,11,kube_pod_container_status_restarts_total,server,kube-state-metrics.monitoring.svc.cluster.local:8080,kube-state-metrics,online-boutique,adservice-64dd5464b8-75dzr,187940fe-085c-49fa-8e70-566b8297dee8
1780608413,11,kube_pod_container_status_restarts_total,server,kube-state-metrics.monitoring.svc.cluster.local:8080,kube-state-metrics,online-boutique,adservice-64dd5464b8-75dzr,187940fe-085c-49fa-8e70-566b8297dee8
1780608428,11,kube_pod_container_status_restarts_total,server,kube-state-metrics.monitoring.svc.cluster.local:8080,kube-state-metrics,online-boutique,adservice-64dd5464b8-75dzr,187940fe-085c-49fa-8e70-566b8297dee8
1780608443,11,kube_pod_container_status_restarts_total,server,kube-state-metrics.monitoring.svc.cluster.local:8080,kube-state-metrics,online-boutique,adservice-64dd5464b8-75dzr,187940fe-085c-49fa-8e70-566b8297dee8
1780608458,11,kube_pod_container_status_restarts_total,server,kube-state-metrics.monitoring.svc.cluster.local:8080,kube-state-metrics,online-boutique,adservice-64dd5464b8-75dzr,187940fe-085c-49fa-8e70-566b8297dee8
1780608473,11,kube_pod_container_status_restarts_total,server,kube-state-metrics.monitoring.svc.cluster.local:8080,kube-state-metrics,online-boutique,adservice-64dd5464b8-75dzr,187940fe-085c-49fa-8e70-566b8297dee8
1780608488,11,kube_pod_container_status_restarts_total,server,kube-state-metrics.monitoring.svc.cluster.local:8080,kube-state-metrics,online-boutique,adservice-64dd5464b8-75dzr,187940fe-085c-49fa-8e70-566b8297dee8
1780608503,11,kube_pod_container_status_restarts_total,server,kube-state-metrics.monitoring.svc.cluster.local:8080,kube-state-metrics,online-boutique,adservice-64dd5464b8-75dzr,187940fe-085c-49fa-8e70-566b8297dee8
1780608518,11,kube_pod_container_status_restarts_total,server,kube-state-metrics.monitoring.svc.cluster.local:8080,kube-state-metrics,online-boutique,adservice-64dd5464b8-75dzr,187940fe-085c-49fa-8e70-566b8297dee8
1780608533,11,kube_pod_container_status_restarts_total,server,kube-state-metrics.monitoring.svc.cluster.local:8080,kube-state-metrics,online-boutique,adservice-64dd5464b8-75dzr,187940fe-085c-49fa-8e70-566b8297dee8
1780608548,11,kube_pod_container_status_restarts_total,server,kube-state-metrics.monitoring.svc.cluster.local:8080,kube-state-metrics,online-boutique,adservice-64dd5464b8-75dzr,187940fe-085c-49fa-8e70-566b8297dee8
1780608563,11,kube_pod_container_status_restarts_total,server,kube-state-metrics.monitoring.svc.cluster.local:8080,kube-state-metrics,online-boutique,adservice-64dd5464b8-75dzr,187940fe-085c-49fa-8e70-566b8297dee8
1780608578,11,kube_pod_container_status_restarts_total,server,kube-state-metrics.monitoring.svc.cluster.local:8080,kube-state-metrics,online-boutique,adservice-64dd5464b8-75dzr,187940fe-085c-49fa-8e70-566b8297dee8
1780608593,11,kube_pod_container_status_restarts_total,server,kube-state-metrics.monitoring.svc.cluster.local:8080,kube-state-metrics,online-boutique,adservice-64dd5464b8-75dzr,187940fe-085c-49fa-8e70-566b8297dee8
1780608608,11,kube_pod_container_status_restarts_total,server,kube-state-metrics.monitoring.svc.cluster.local:8080,kube-state-metrics,online-boutique,adservice-64dd5464b8-75dzr,187940fe-085c-49fa-8e70-566b8297dee8
1780608623,11,kube_pod_container_status_restarts_total,server,kube-state-metrics.monitoring.svc.cluster.local:8080,kube-state-metrics,online-boutique,adservice-64dd5464b8-75dzr,187940fe-085c-49fa-8e70-566b8297dee8
1780608638,11,kube_pod_container_status_restarts_total,server,kube-state-metrics.monitoring.svc.cluster.local:8080,kube-state-metrics,online-boutique,adservice-64dd5464b8-75dzr,187940fe-085c-49fa-8e70-566b8297dee8
1780608653,11,kube_pod_container_status_restarts_total,server,kube-state-metrics.monitoring.svc.cluster.local:8080,kube-state-metrics,online-boutique,adservice-64dd5464b8-75dzr,187940fe-085c-49fa-8e70-566b8297dee8
1780608668,11,kube_pod_container_status_restarts_total,server,kube-state-metrics.monitoring.svc.cluster.local:8080,kube-state-metrics,online-boutique,adservice-64dd5464b8-75dzr,187940fe-085c-49fa-8e70-566b8297dee8
1780608683,11,kube_pod_container_status_restarts_total,server,kube-state-metrics.monitoring.svc.cluster.local:8080,kube-state-metrics,online-boutique,adservice-64dd5464b8-75dzr,187940fe-085c-49fa-8e70-566b8297dee8
1780608323,5,kube_pod_container_status_restarts_total,server,kube-state-metrics.monitoring.svc.cluster.local:8080,kube-state-metrics,online-boutique,cartservice-7956c8c845-x7sqr,ef0f4d13-54dc-44c4-bc7c-9f8246a87310
1780608338,5,kube_pod_container_status_restarts_total,server,kube-state-metrics.monitoring.svc.cluster.local:8080,kube-state-metrics,online-boutique,cartservice-7956c8c845-x7sqr,ef0f4d13-54dc-44c4-bc7c-9f8246a87310
1780608353,5,kube_pod_container_status_restarts_total,server,kube-state-metrics.monitoring.svc.cluster.local:8080,kube-state-metrics,online-boutique,cartservice-7956c8c845-x7sqr,ef0f4d13-54dc-44c4-bc7c-9f8246a87310
1780608368,5,kube_pod_container_status_restarts_total,server,kube-state-metrics.monitoring.svc.cluster.local:8080,kube-state-metrics,online-boutique,cartservice-7956c8c845-x7sqr,ef0f4d13-54dc-44c4-bc7c-9f8246a87310
1780608383,5,kube_pod_container_status_restarts_total,server,kube-state-metrics.monitoring.svc.cluster.local:8080,kube-state-metrics,online-boutique,cartservice-7956c8c845-x7sqr,ef0f4d13-54dc-44c4-bc7c-9f8246a87310
1780608398,5,kube_pod_container_status_restarts_total,server,kube-state-metrics.monitoring.svc.cluster.local:8080,kube-state-metrics,online-boutique,cartservice-7956c8c845-x7sqr,ef0f4d13-54dc-44c4-bc7c-9f8246a87310
1780608413,5,kube_pod_container_status_restarts_total,server,kube-state-metrics.monitoring.svc.cluster.local:8080,kube-state-metrics,online-boutique,cartservice-7956c8c845-x7sqr,ef0f4d13-54dc-44c4-bc7c-9f8246a87310
1780608428,5,kube_pod_container_status_restarts_total,server,kube-state-metrics.monitoring.svc.cluster.local:8080,kube-state-metrics,online-boutique,cartservice-7956c8c845-x7sqr,ef0f4d13-54dc-44c4-bc7c-9f8246a87310
1780608443,5,kube_pod_container_status_restarts_total,server,kube-state-metrics.monitoring.svc.cluster.local:8080,kube-state-metrics,online-boutique,cartservice-7956c8c845-x7sqr,ef0f4d13-54dc-44c4-bc7c-9f8246a87310
1780608458,5,kube_pod_container_status_restarts_total,server,kube-state-metrics.monitoring.svc.cluster.local:8080,kube-state-metrics,online-boutique,cartservice-7956c8c845-x7sqr,ef0f4d13-54dc-44c4-bc7c-9f8246a87310
1780608473,5,kube_pod_container_status_restarts_total,server,kube-state-metrics.monitoring.svc.cluster.local:8080,kube-state-metrics,online-boutique,cartservice-7956c8c845-x7sqr,ef0f4d13-54dc-44c4-bc7c-9f8246a87310
1780608488,5,kube_pod_container_status_restarts_total,server,kube-state-metrics.monitoring.svc.cluster.local:8080,kube-state-metrics,online-boutique,cartservice-7956c8c845-x7sqr,ef0f4d13-54dc-44c4-bc7c-9f8246a87310
1780608503,5,kube_pod_container_status_restarts_total,server,kube-state-metrics.monitoring.svc.cluster.local:8080,kube-state-metrics,online-boutique,cartservice-7956c8c845-x7sqr,ef0f4d13-54dc-44c4-bc7c-9f8246a87310
1780608518,5,kube_pod_container_status_restarts_total,server,kube-state-metrics.monitoring.svc.cluster.local:8080,kube-state-metrics,online-boutique,cartservice-7956c8c845-x7sqr,ef0f4d13-54dc-44c4-bc7c-9f8246a87310
1780608533,5,kube_pod_container_status_restarts_total,server,kube-state-metrics.monitoring.svc.cluster.local:8080,kube-state-metrics,online-boutique,cartservice-7956c8c845-x7sqr,ef0f4d13-54dc-44c4-bc7c-9f8246a87310
1780608548,5,kube_pod_container_status_restarts_total,server,kube-state-metrics.monitoring.svc.cluster.local:8080,kube-state-metrics,online-boutique,cartservice-7956c8c845-x7sqr,ef0f4d13-54dc-44c4-bc7c-9f8246a87310
1780608563,5,kube_pod_container_status_restarts_total,server,kube-state-metrics.monitoring.svc.cluster.local:8080,kube-state-metrics,online-boutique,cartservice-7956c8c845-x7sqr,ef0f4d13-54dc-44c4-bc7c-9f8246a87310
1780608578,5,kube_pod_container_status_restarts_total,server,kube-state-metrics.monitoring.svc.cluster.local:8080,kube-state-metrics,online-boutique,cartservice-7956c8c845-x7sqr,ef0f4d13-54dc-44c4-bc7c-9f8246a87310
1780608593,5,kube_pod_container_status_restarts_total,server,kube-state-metrics.monitoring.svc.cluster.local:8080,kube-state-metrics,online-boutique,cartservice-7956c8c845-x7sqr,ef0f4d13-54dc-44c4-bc7c-9f8246a87310
1780608608,5,kube_pod_container_status_restarts_total,server,kube-state-metrics.monitoring.svc.cluster.local:8080,kube-state-metrics,online-boutique,cartservice-7956c8c845-x7sqr,ef0f4d13-54dc-44c4-bc7c-9f8246a87310
1780608623,5,kube_pod_container_status_restarts_total,server,kube-state-metrics.monitoring.svc.cluster.local:8080,kube-state-metrics,online-boutique,cartservice-7956c8c845-x7sqr,ef0f4d13-54dc-44c4-bc7c-9f8246a87310
1780608638,5,kube_pod_container_status_restarts_total,server,kube-state-metrics.monitoring.svc.cluster.local:8080,kube-state-metrics,online-boutique,cartservice-7956c8c845-x7sqr,ef0f4d13-54dc-44c4-bc7c-9f8246a87310
1780608653,5,kube_pod_container_status_restarts_total,server,kube-state-metrics.monitoring.svc.cluster.local:8080,kube-state-metrics,online-boutique,cartservice-7956c8c845-x7sqr,ef0f4d13-54dc-44c4-bc7c-9f8246a87310
1780608668,5,kube_pod_container_status_restarts_total,server,kube-state-metrics.monitoring.svc.cluster.local:8080,kube-state-metrics,online-boutique,cartservice-7956c8c845-x7sqr,ef0f4d13-54dc-44c4-bc7c-9f8246a87310
1780608683,5,kube_pod_container_status_restarts_total,server,kube-state-metrics.monitoring.svc.cluster.local:8080,kube-state-metrics,online-boutique,cartservice-7956c8c845-x7sqr,ef0f4d13-54dc-44c4-bc7c-9f8246a87310
1780608323,5,kube_pod_container_status_restarts_total,server,kube-state-metrics.monitoring.svc.cluster.local:8080,kube-state-metrics,online-boutique,checkoutservice-dcf4c5c7b-82zmn,2dbfba94-4edb-4d67-a5a7-d60278acbfdd
1780608338,5,kube_pod_container_status_restarts_total,server,kube-state-metrics.monitoring.svc.cluster.local:8080,kube-state-metrics,online-boutique,checkoutservice-dcf4c5c7b-82zmn,2dbfba94-4edb-4d67-a5a7-d60278acbfdd
1780608353,5,kube_pod_container_status_restarts_total,server,kube-state-metrics.monitoring.svc.cluster.local:8080,kube-state-metrics,online-boutique,checkoutservice-dcf4c5c7b-82zmn,2dbfba94-4edb-4d67-a5a7-d60278acbfdd
1780608368,5,kube_pod_container_status_restarts_total,server,kube-state-metrics.monitoring.svc.cluster.local:8080,kube-state-metrics,online-boutique,checkoutservice-dcf4c5c7b-82zmn,2dbfba94-4edb-4d67-a5a7-d60278acbfdd
1780608383,5,kube_pod_container_status_restarts_total,server,kube-state-metrics.monitoring.svc.cluster.local:8080,kube-state-metrics,online-boutique,checkoutservice-dcf4c5c7b-82zmn,2dbfba94-4edb-4d67-a5a7-d60278acbfdd
1780608398,5,kube_pod_container_status_restarts_total,server,kube-state-metrics.monitoring.svc.cluster.local:8080,kube-state-metrics,online-boutique,checkoutservice-dcf4c5c7b-82zmn,2dbfba94-4edb-4d67-a5a7-d60278acbfdd
1780608413,5,kube_pod_container_status_restarts_total,server,kube-state-metrics.monitoring.svc.cluster.local:8080,kube-state-metrics,online-boutique,checkoutservice-dcf4c5c7b-82zmn,2dbfba94-4edb-4d67-a5a7-d60278acbfdd
1780608428,5,kube_pod_container_status_restarts_total,server,kube-state-metrics.monitoring.svc.cluster.local:8080,kube-state-metrics,online-boutique,checkoutservice-dcf4c5c7b-82zmn,2dbfba94-4edb-4d67-a5a7-d60278acbfdd
1780608443,5,kube_pod_container_status_restarts_total,server,kube-state-metrics.monitoring.svc.cluster.local:8080,kube-state-metrics,online-boutique,checkoutservice-dcf4c5c7b-82zmn,2dbfba94-4edb-4d67-a5a7-d60278acbfdd
1780608458,5,kube_pod_container_status_restarts_total,server,kube-state-metrics.monitoring.svc.cluster.local:8080,kube-state-metrics,online-boutique,checkoutservice-dcf4c5c7b-82zmn,2dbfba94-4edb-4d67-a5a7-d60278acbfdd
1780608473,5,kube_pod_container_status_restarts_total,server,kube-state-metrics.monitoring.svc.cluster.local:8080,kube-state-metrics,online-boutique,checkoutservice-dcf4c5c7b-82zmn,2dbfba94-4edb-4d67-a5a7-d60278acbfdd
1780608488,5,kube_pod_container_status_restarts_total,server,kube-state-metrics.monitoring.svc.cluster.local:8080,kube-state-metrics,online-boutique,checkoutservice-dcf4c5c7b-82zmn,2dbfba94-4edb-4d67-a5a7-d60278acbfdd
1780608503,5,kube_pod_container_status_restarts_total,server,kube-state-metrics.monitoring.svc.cluster.local:8080,kube-state-metrics,online-boutique,checkoutservice-dcf4c5c7b-82zmn,2dbfba94-4edb-4d67-a5a7-d60278acbfdd
1780608518,5,kube_pod_container_status_restarts_total,server,kube-state-metrics.monitoring.svc.cluster.local:8080,kube-state-metrics,online-boutique,checkoutservice-dcf4c5c7b-82zmn,2dbfba94-4edb-4d67-a5a7-d60278acbfdd
1780608533,5,kube_pod_container_status_restarts_total,server,kube-state-metrics.monitoring.svc.cluster.local:8080,kube-state-metrics,online-boutique,checkoutservice-dcf4c5c7b-82zmn,2dbfba94-4edb-4d67-a5a7-d60278acbfdd
1780608548,5,kube_pod_container_status_restarts_total,server,kube-state-metrics.monitoring.svc.cluster.local:8080,kube-state-metrics,online-boutique,checkoutservice-dcf4c5c7b-82zmn,2dbfba94-4edb-4d67-a5a7-d60278acbfdd
1780608563,5,kube_pod_container_status_restarts_total,server,kube-state-metrics.monitoring.svc.cluster.local:8080,kube-state-metrics,online-boutique,checkoutservice-dcf4c5c7b-82zmn,2dbfba94-4edb-4d67-a5a7-d60278acbfdd
1780608578,5,kube_pod_container_status_restarts_total,server,kube-state-metrics.monitoring.svc.cluster.local:8080,kube-state-metrics,online-boutique,checkoutservice-dcf4c5c7b-82zmn,2dbfba94-4edb-4d67-a5a7-d60278acbfdd
1780608593,5,kube_pod_container_status_restarts_total,server,kube-state-metrics.monitoring.svc.cluster.local:8080,kube-state-metrics,online-boutique,checkoutservice-dcf4c5c7b-82zmn,2dbfba94-4edb-4d67-a5a7-d60278acbfdd
1780608608,5,kube_pod_container_status_restarts_total,server,kube-state-metrics.monitoring.svc.cluster.local:8080,kube-state-metrics,online-boutique,checkoutservice-dcf4c5c7b-82zmn,2dbfba94-4edb-4d67-a5a7-d60278acbfdd
1780608623,5,kube_pod_container_status_restarts_total,server,kube-state-metrics.monitoring.svc.cluster.local:8080,kube-state-metrics,online-boutique,checkoutservice-dcf4c5c7b-82zmn,2dbfba94-4edb-4d67-a5a7-d60278acbfdd
1780608638,5,kube_pod_container_status_restarts_total,server,kube-state-metrics.monitoring.svc.cluster.local:8080,kube-state-metrics,online-boutique,checkoutservice-dcf4c5c7b-82zmn,2dbfba94-4edb-4d67-a5a7-d60278acbfdd
1780608653,5,kube_pod_container_status_restarts_total,server,kube-state-metrics.monitoring.svc.cluster.local:8080,kube-state-metrics,online-boutique,checkoutservice-dcf4c5c7b-82zmn,2dbfba94-4edb-4d67-a5a7-d60278acbfdd
1780608668,5,kube_pod_container_status_restarts_total,server,kube-state-metrics.monitoring.svc.cluster.local:8080,kube-state-metrics,online-boutique,checkoutservice-dcf4c5c7b-82zmn,2dbfba94-4edb-4d67-a5a7-d60278acbfdd
1780608683,5,kube_pod_container_status_restarts_total,server,kube-state-metrics.monitoring.svc.cluster.local:8080,kube-state-metrics,online-boutique,checkoutservice-dcf4c5c7b-82zmn,2dbfba94-4edb-4d67-a5a7-d60278acbfdd
1780608323,5,kube_pod_container_status_restarts_total,server,kube-state-metrics.monitoring.svc.cluster.local:8080,kube-state-metrics,online-boutique,currencyservice-8fdf6cf9d-wkfrs,505ae502-2a13-4974-a492-27f58aa0b489
1780608338,5,kube_pod_container_status_restarts_total,server,kube-state-metrics.monitoring.svc.cluster.local:8080,kube-state-metrics,online-boutique,currencyservice-8fdf6cf9d-wkfrs,505ae502-2a13-4974-a492-27f58aa0b489
1780608353,5,kube_pod_container_status_restarts_total,server,kube-state-metrics.monitoring.svc.cluster.local:8080,kube-state-metrics,online-boutique,currencyservice-8fdf6cf9d-wkfrs,505ae502-2a13-4974-a492-27f58aa0b489
1780608368,5,kube_pod_container_status_restarts_total,server,kube-state-metrics.monitoring.svc.cluster.local:8080,kube-state-metrics,online-boutique,currencyservice-8fdf6cf9d-wkfrs,505ae502-2a13-4974-a492-27f58aa0b489
1780608383,5,kube_pod_container_status_restarts_total,server,kube-state-metrics.monitoring.svc.cluster.local:8080,kube-state-metrics,online-boutique,currencyservice-8fdf6cf9d-wkfrs,505ae502-2a13-4974-a492-27f58aa0b489
1780608398,5,kube_pod_container_status_restarts_total,server,kube-state-metrics.monitoring.svc.cluster.local:8080,kube-state-metrics,online-boutique,currencyservice-8fdf6cf9d-wkfrs,505ae502-2a13-4974-a492-27f58aa0b489
1780608413,5,kube_pod_container_status_restarts_total,server,kube-state-metrics.monitoring.svc.cluster.local:8080,kube-state-metrics,online-boutique,currencyservice-8fdf6cf9d-wkfrs,505ae502-2a13-4974-a492-27f58aa0b489
1780608428,5,kube_pod_container_status_restarts_total,server,kube-state-metrics.monitoring.svc.cluster.local:8080,kube-state-metrics,online-boutique,currencyservice-8fdf6cf9d-wkfrs,505ae502-2a13-4974-a492-27f58aa0b489
1780608443,5,kube_pod_container_status_restarts_total,server,kube-state-metrics.monitoring.svc.cluster.local:8080,kube-state-metrics,online-boutique,currencyservice-8fdf6cf9d-wkfrs,505ae502-2a13-4974-a492-27f58aa0b489
1780608458,5,kube_pod_container_status_restarts_total,server,kube-state-metrics.monitoring.svc.cluster.local:8080,kube-state-metrics,online-boutique,currencyservice-8fdf6cf9d-wkfrs,505ae502-2a13-4974-a492-27f58aa0b489
1780608473,5,kube_pod_container_status_restarts_total,server,kube-state-metrics.monitoring.svc.cluster.local:8080,kube-state-metrics,online-boutique,currencyservice-8fdf6cf9d-wkfrs,505ae502-2a13-4974-a492-27f58aa0b489
1780608488,5,kube_pod_container_status_restarts_total,server,kube-state-metrics.monitoring.svc.cluster.local:8080,kube-state-metrics,online-boutique,currencyservice-8fdf6cf9d-wkfrs,505ae502-2a13-4974-a492-27f58aa0b489
1780608503,5,kube_pod_container_status_restarts_total,server,kube-state-metrics.monitoring.svc.cluster.local:8080,kube-state-metrics,online-boutique,currencyservice-8fdf6cf9d-wkfrs,505ae502-2a13-4974-a492-27f58aa0b489
1780608518,5,kube_pod_container_status_restarts_total,server,kube-state-metrics.monitoring.svc.cluster.local:8080,kube-state-metrics,online-boutique,currencyservice-8fdf6cf9d-wkfrs,505ae502-2a13-4974-a492-27f58aa0b489
1780608533,5,kube_pod_container_status_restarts_total,server,kube-state-metrics.monitoring.svc.cluster.local:8080,kube-state-metrics,online-boutique,currencyservice-8fdf6cf9d-wkfrs,505ae502-2a13-4974-a492-27f58aa0b489
1780608548,5,kube_pod_container_status_restarts_total,server,kube-state-metrics.monitoring.svc.cluster.local:8080,kube-state-metrics,online-boutique,currencyservice-8fdf6cf9d-wkfrs,505ae502-2a13-4974-a492-27f58aa0b489
1780608563,5,kube_pod_container_status_restarts_total,server,kube-state-metrics.monitoring.svc.cluster.local:8080,kube-state-metrics,online-boutique,currencyservice-8fdf6cf9d-wkfrs,505ae502-2a13-4974-a492-27f58aa0b489
1780608578,5,kube_pod_container_status_restarts_total,server,kube-state-metrics.monitoring.svc.cluster.local:8080,kube-state-metrics,online-boutique,currencyservice-8fdf6cf9d-wkfrs,505ae502-2a13-4974-a492-27f58aa0b489
1780608593,5,kube_pod_container_status_restarts_total,server,kube-state-metrics.monitoring.svc.cluster.local:8080,kube-state-metrics,online-boutique,currencyservice-8fdf6cf9d-wkfrs,505ae502-2a13-4974-a492-27f58aa0b489
1780608608,5,kube_pod_container_status_restarts_total,server,kube-state-metrics.monitoring.svc.cluster.local:8080,kube-state-metrics,online-boutique,currencyservice-8fdf6cf9d-wkfrs,505ae502-2a13-4974-a492-27f58aa0b489
1780608623,5,kube_pod_container_status_restarts_total,server,kube-state-metrics.monitoring.svc.cluster.local:8080,kube-state-metrics,online-boutique,currencyservice-8fdf6cf9d-wkfrs,505ae502-2a13-4974-a492-27f58aa0b489
1780608638,5,kube_pod_container_status_restarts_total,server,kube-state-metrics.monitoring.svc.cluster.local:8080,kube-state-metrics,online-boutique,currencyservice-8fdf6cf9d-wkfrs,505ae502-2a13-4974-a492-27f58aa0b489
1780608653,5,kube_pod_container_status_restarts_total,server,kube-state-metrics.monitoring.svc.cluster.local:8080,kube-state-metrics,online-boutique,currencyservice-8fdf6cf9d-wkfrs,505ae502-2a13-4974-a492-27f58aa0b489
1780608668,5,kube_pod_container_status_restarts_total,server,kube-state-metrics.monitoring.svc.cluster.local:8080,kube-state-metrics,online-boutique,currencyservice-8fdf6cf9d-wkfrs,505ae502-2a13-4974-a492-27f58aa0b489
1780608683,5,kube_pod_container_status_restarts_total,server,kube-state-metrics.monitoring.svc.cluster.local:8080,kube-state-metrics,online-boutique,currencyservice-8fdf6cf9d-wkfrs,505ae502-2a13-4974-a492-27f58aa0b489
1780608323,5,kube_pod_container_status_restarts_total,server,kube-state-metrics.monitoring.svc.cluster.local:8080,kube-state-metrics,online-boutique,emailservice-794d6cb7cf-t5fn4,5f70caa7-5853-4f08-a49b-da4db1bd09e4
1780608338,5,kube_pod_container_status_restarts_total,server,kube-state-metrics.monitoring.svc.cluster.local:8080,kube-state-metrics,online-boutique,emailservice-794d6cb7cf-t5fn4,5f70caa7-5853-4f08-a49b-da4db1bd09e4
1780608353,5,kube_pod_container_status_restarts_total,server,kube-state-metrics.monitoring.svc.cluster.local:8080,kube-state-metrics,online-boutique,emailservice-794d6cb7cf-t5fn4,5f70caa7-5853-4f08-a49b-da4db1bd09e4
1780608368,5,kube_pod_container_status_restarts_total,server,kube-state-metrics.monitoring.svc.cluster.local:8080,kube-state-metrics,online-boutique,emailservice-794d6cb7cf-t5fn4,5f70caa7-5853-4f08-a49b-da4db1bd09e4
1780608383,5,kube_pod_container_status_restarts_total,server,kube-state-metrics.monitoring.svc.cluster.local:8080,kube-state-metrics,online-boutique,emailservice-794d6cb7cf-t5fn4,5f70caa7-5853-4f08-a49b-da4db1bd09e4
1780608398,5,kube_pod_container_status_restarts_total,server,kube-state-metrics.monitoring.svc.cluster.local:8080,kube-state-metrics,online-boutique,emailservice-794d6cb7cf-t5fn4,5f70caa7-5853-4f08-a49b-da4db1bd09e4
1780608413,5,kube_pod_container_status_restarts_total,server,kube-state-metrics.monitoring.svc.cluster.local:8080,kube-state-metrics,online-boutique,emailservice-794d6cb7cf-t5fn4,5f70caa7-5853-4f08-a49b-da4db1bd09e4
1780608428,5,kube_pod_container_status_restarts_total,server,kube-state-metrics.monitoring.svc.cluster.local:8080,kube-state-metrics,online-boutique,emailservice-794d6cb7cf-t5fn4,5f70caa7-5853-4f08-a49b-da4db1bd09e4
1780608443,5,kube_pod_container_status_restarts_total,server,kube-state-metrics.monitoring.svc.cluster.local:8080,kube-state-metrics,online-boutique,emailservice-794d6cb7cf-t5fn4,5f70caa7-5853-4f08-a49b-da4db1bd09e4
1780608458,5,kube_pod_container_status_restarts_total,server,kube-state-metrics.monitoring.svc.cluster.local:8080,kube-state-metrics,online-boutique,emailservice-794d6cb7cf-t5fn4,5f70caa7-5853-4f08-a49b-da4db1bd09e4
1780608473,5,kube_pod_container_status_restarts_total,server,kube-state-metrics.monitoring.svc.cluster.local:8080,kube-state-metrics,online-boutique,emailservice-794d6cb7cf-t5fn4,5f70caa7-5853-4f08-a49b-da4db1bd09e4
1780608488,5,kube_pod_container_status_restarts_total,server,kube-state-metrics.monitoring.svc.cluster.local:8080,kube-state-metrics,online-boutique,emailservice-794d6cb7cf-t5fn4,5f70caa7-5853-4f08-a49b-da4db1bd09e4
1780608503,5,kube_pod_container_status_restarts_total,server,kube-state-metrics.monitoring.svc.cluster.local:8080,kube-state-metrics,online-boutique,emailservice-794d6cb7cf-t5fn4,5f70caa7-5853-4f08-a49b-da4db1bd09e4
1780608518,5,kube_pod_container_status_restarts_total,server,kube-state-metrics.monitoring.svc.cluster.local:8080,kube-state-metrics,online-boutique,emailservice-794d6cb7cf-t5fn4,5f70caa7-5853-4f08-a49b-da4db1bd09e4
1780608533,5,kube_pod_container_status_restarts_total,server,kube-state-metrics.monitoring.svc.cluster.local:8080,kube-state-metrics,online-boutique,emailservice-794d6cb7cf-t5fn4,5f70caa7-5853-4f08-a49b-da4db1bd09e4
1780608548,5,kube_pod_container_status_restarts_total,server,kube-state-metrics.monitoring.svc.cluster.local:8080,kube-state-metrics,online-boutique,emailservice-794d6cb7cf-t5fn4,5f70caa7-5853-4f08-a49b-da4db1bd09e4
1780608563,5,kube_pod_container_status_restarts_total,server,kube-state-metrics.monitoring.svc.cluster.local:8080,kube-state-metrics,online-boutique,emailservice-794d6cb7cf-t5fn4,5f70caa7-5853-4f08-a49b-da4db1bd09e4
1780608578,5,kube_pod_container_status_restarts_total,server,kube-state-metrics.monitoring.svc.cluster.local:8080,kube-state-metrics,online-boutique,emailservice-794d6cb7cf-t5fn4,5f70caa7-5853-4f08-a49b-da4db1bd09e4
1780608593,5,kube_pod_container_status_restarts_total,server,kube-state-metrics.monitoring.svc.cluster.local:8080,kube-state-metrics,online-boutique,emailservice-794d6cb7cf-t5fn4,5f70caa7-5853-4f08-a49b-da4db1bd09e4
1780608608,5,kube_pod_container_status_restarts_total,server,kube-state-metrics.monitoring.svc.cluster.local:8080,kube-state-metrics,online-boutique,emailservice-794d6cb7cf-t5fn4,5f70caa7-5853-4f08-a49b-da4db1bd09e4
1780608623,5,kube_pod_container_status_restarts_total,server,kube-state-metrics.monitoring.svc.cluster.local:8080,kube-state-metrics,online-boutique,emailservice-794d6cb7cf-t5fn4,5f70caa7-5853-4f08-a49b-da4db1bd09e4
1780608638,5,kube_pod_container_status_restarts_total,server,kube-state-metrics.monitoring.svc.cluster.local:8080,kube-state-metrics,online-boutique,emailservice-794d6cb7cf-t5fn4,5f70caa7-5853-4f08-a49b-da4db1bd09e4
1780608653,5,kube_pod_container_status_restarts_total,server,kube-state-metrics.monitoring.svc.cluster.local:8080,kube-state-metrics,online-boutique,emailservice-794d6cb7cf-t5fn4,5f70caa7-5853-4f08-a49b-da4db1bd09e4
1780608668,5,kube_pod_container_status_restarts_total,server,kube-state-metrics.monitoring.svc.cluster.local:8080,kube-state-metrics,online-boutique,emailservice-794d6cb7cf-t5fn4,5f70caa7-5853-4f08-a49b-da4db1bd09e4
1780608683,5,kube_pod_container_status_restarts_total,server,kube-state-metrics.monitoring.svc.cluster.local:8080,kube-state-metrics,online-boutique,emailservice-794d6cb7cf-t5fn4,5f70caa7-5853-4f08-a49b-da4db1bd09e4
1780608323,0,kube_pod_container_status_restarts_total,server,kube-state-metrics.monitoring.svc.cluster.local:8080,kube-state-metrics,online-boutique,frontend-759775d795-xh68w,1d1d883f-1c84-4ee0-9bec-be44d700ca81
1780608338,0,kube_pod_container_status_restarts_total,server,kube-state-metrics.monitoring.svc.cluster.local:8080,kube-state-metrics,online-boutique,frontend-759775d795-xh68w,1d1d883f-1c84-4ee0-9bec-be44d700ca81
1780608353,0,kube_pod_container_status_restarts_total,server,kube-state-metrics.monitoring.svc.cluster.local:8080,kube-state-metrics,online-boutique,frontend-759775d795-xh68w,1d1d883f-1c84-4ee0-9bec-be44d700ca81
1780608368,0,kube_pod_container_status_restarts_total,server,kube-state-metrics.monitoring.svc.cluster.local:8080,kube-state-metrics,online-boutique,frontend-759775d795-xh68w,1d1d883f-1c84-4ee0-9bec-be44d700ca81
1780608383,0,kube_pod_container_status_restarts_total,server,kube-state-metrics.monitoring.svc.cluster.local:8080,kube-state-metrics,online-boutique,frontend-759775d795-xh68w,1d1d883f-1c84-4ee0-9bec-be44d700ca81
1780608398,0,kube_pod_container_status_restarts_total,server,kube-state-metrics.monitoring.svc.cluster.local:8080,kube-state-metrics,online-boutique,frontend-759775d795-xh68w,1d1d883f-1c84-4ee0-9bec-be44d700ca81
1780608413,0,kube_pod_container_status_restarts_total,server,kube-state-metrics.monitoring.svc.cluster.local:8080,kube-state-metrics,online-boutique,frontend-759775d795-xh68w,1d1d883f-1c84-4ee0-9bec-be44d700ca81
1780608428,0,kube_pod_container_status_restarts_total,server,kube-state-metrics.monitoring.svc.cluster.local:8080,kube-state-metrics,online-boutique,frontend-759775d795-xh68w,1d1d883f-1c84-4ee0-9bec-be44d700ca81
1780608443,0,kube_pod_container_status_restarts_total,server,kube-state-metrics.monitoring.svc.cluster.local:8080,kube-state-metrics,online-boutique,frontend-759775d795-xh68w,1d1d883f-1c84-4ee0-9bec-be44d700ca81
1780608458,0,kube_pod_container_status_restarts_total,server,kube-state-metrics.monitoring.svc.cluster.local:8080,kube-state-metrics,online-boutique,frontend-759775d795-xh68w,1d1d883f-1c84-4ee0-9bec-be44d700ca81
1780608473,0,kube_pod_container_status_restarts_total,server,kube-state-metrics.monitoring.svc.cluster.local:8080,kube-state-metrics,online-boutique,frontend-759775d795-xh68w,1d1d883f-1c84-4ee0-9bec-be44d700ca81
1780608488,0,kube_pod_container_status_restarts_total,server,kube-state-metrics.monitoring.svc.cluster.local:8080,kube-state-metrics,online-boutique,frontend-759775d795-xh68w,1d1d883f-1c84-4ee0-9bec-be44d700ca81
1780608503,0,kube_pod_container_status_restarts_total,server,kube-state-metrics.monitoring.svc.cluster.local:8080,kube-state-metrics,online-boutique,frontend-759775d795-xh68w,1d1d883f-1c84-4ee0-9bec-be44d700ca81
1780608518,0,kube_pod_container_status_restarts_total,server,kube-state-metrics.monitoring.svc.cluster.local:8080,kube-state-metrics,online-boutique,frontend-759775d795-xh68w,1d1d883f-1c84-4ee0-9bec-be44d700ca81
1780608533,0,kube_pod_container_status_restarts_total,server,kube-state-metrics.monitoring.svc.cluster.local:8080,kube-state-metrics,online-boutique,frontend-759775d795-xh68w,1d1d883f-1c84-4ee0-9bec-be44d700ca81
1780608548,0,kube_pod_container_status_restarts_total,server,kube-state-metrics.monitoring.svc.cluster.local:8080,kube-state-metrics,online-boutique,frontend-759775d795-xh68w,1d1d883f-1c84-4ee0-9bec-be44d700ca81
1780608563,0,kube_pod_container_status_restarts_total,server,kube-state-metrics.monitoring.svc.cluster.local:8080,kube-state-metrics,online-boutique,frontend-759775d795-xh68w,1d1d883f-1c84-4ee0-9bec-be44d700ca81
1780608578,0,kube_pod_container_status_restarts_total,server,kube-state-metrics.monitoring.svc.cluster.local:8080,kube-state-metrics,online-boutique,frontend-759775d795-xh68w,1d1d883f-1c84-4ee0-9bec-be44d700ca81
1780608593,0,kube_pod_container_status_restarts_total,server,kube-state-metrics.monitoring.svc.cluster.local:8080,kube-state-metrics,online-boutique,frontend-759775d795-xh68w,1d1d883f-1c84-4ee0-9bec-be44d700ca81
1780608608,0,kube_pod_container_status_restarts_total,server,kube-state-metrics.monitoring.svc.cluster.local:8080,kube-state-metrics,online-boutique,frontend-759775d795-xh68w,1d1d883f-1c84-4ee0-9bec-be44d700ca81
1780608623,0,kube_pod_container_status_restarts_total,server,kube-state-metrics.monitoring.svc.cluster.local:8080,kube-state-metrics,online-boutique,frontend-759775d795-xh68w,1d1d883f-1c84-4ee0-9bec-be44d700ca81
1780608638,0,kube_pod_container_status_restarts_total,server,kube-state-metrics.monitoring.svc.cluster.local:8080,kube-state-metrics,online-boutique,frontend-759775d795-xh68w,1d1d883f-1c84-4ee0-9bec-be44d700ca81
1780608653,0,kube_pod_container_status_restarts_total,server,kube-state-metrics.monitoring.svc.cluster.local:8080,kube-state-metrics,online-boutique,frontend-759775d795-xh68w,1d1d883f-1c84-4ee0-9bec-be44d700ca81
1780608668,0,kube_pod_container_status_restarts_total,server,kube-state-metrics.monitoring.svc.cluster.local:8080,kube-state-metrics,online-boutique,frontend-759775d795-xh68w,1d1d883f-1c84-4ee0-9bec-be44d700ca81
1780608683,0,kube_pod_container_status_restarts_total,server,kube-state-metrics.monitoring.svc.cluster.local:8080,kube-state-metrics,online-boutique,frontend-759775d795-xh68w,1d1d883f-1c84-4ee0-9bec-be44d700ca81
1780608323,5,kube_pod_container_status_restarts_total,server,kube-state-metrics.monitoring.svc.cluster.local:8080,kube-state-metrics,online-boutique,paymentservice-79b96847c-hlmrf,9c55848b-1404-4776-a979-1364b72f35a0
1780608338,5,kube_pod_container_status_restarts_total,server,kube-state-metrics.monitoring.svc.cluster.local:8080,kube-state-metrics,online-boutique,paymentservice-79b96847c-hlmrf,9c55848b-1404-4776-a979-1364b72f35a0
1780608353,5,kube_pod_container_status_restarts_total,server,kube-state-metrics.monitoring.svc.cluster.local:8080,kube-state-metrics,online-boutique,paymentservice-79b96847c-hlmrf,9c55848b-1404-4776-a979-1364b72f35a0
1780608368,5,kube_pod_container_status_restarts_total,server,kube-state-metrics.monitoring.svc.cluster.local:8080,kube-state-metrics,online-boutique,paymentservice-79b96847c-hlmrf,9c55848b-1404-4776-a979-1364b72f35a0
1780608383,5,kube_pod_container_status_restarts_total,server,kube-state-metrics.monitoring.svc.cluster.local:8080,kube-state-metrics,online-boutique,paymentservice-79b96847c-hlmrf,9c55848b-1404-4776-a979-1364b72f35a0
1780608398,5,kube_pod_container_status_restarts_total,server,kube-state-metrics.monitoring.svc.cluster.local:8080,kube-state-metrics,online-boutique,paymentservice-79b96847c-hlmrf,9c55848b-1404-4776-a979-1364b72f35a0
1780608413,5,kube_pod_container_status_restarts_total,server,kube-state-metrics.monitoring.svc.cluster.local:8080,kube-state-metrics,online-boutique,paymentservice-79b96847c-hlmrf,9c55848b-1404-4776-a979-1364b72f35a0
1780608428,5,kube_pod_container_status_restarts_total,server,kube-state-metrics.monitoring.svc.cluster.local:8080,kube-state-metrics,online-boutique,paymentservice-79b96847c-hlmrf,9c55848b-1404-4776-a979-1364b72f35a0
1780608443,5,kube_pod_container_status_restarts_total,server,kube-state-metrics.monitoring.svc.cluster.local:8080,kube-state-metrics,online-boutique,paymentservice-79b96847c-hlmrf,9c55848b-1404-4776-a979-1364b72f35a0
1780608458,5,kube_pod_container_status_restarts_total,server,kube-state-metrics.monitoring.svc.cluster.local:8080,kube-state-metrics,online-boutique,paymentservice-79b96847c-hlmrf,9c55848b-1404-4776-a979-1364b72f35a0
1780608473,5,kube_pod_container_status_restarts_total,server,kube-state-metrics.monitoring.svc.cluster.local:8080,kube-state-metrics,online-boutique,paymentservice-79b96847c-hlmrf,9c55848b-1404-4776-a979-1364b72f35a0
1780608488,5,kube_pod_container_status_restarts_total,server,kube-state-metrics.monitoring.svc.cluster.local:8080,kube-state-metrics,online-boutique,paymentservice-79b96847c-hlmrf,9c55848b-1404-4776-a979-1364b72f35a0
1780608503,5,kube_pod_container_status_restarts_total,server,kube-state-metrics.monitoring.svc.cluster.local:8080,kube-state-metrics,online-boutique,paymentservice-79b96847c-hlmrf,9c55848b-1404-4776-a979-1364b72f35a0
1780608518,5,kube_pod_container_status_restarts_total,server,kube-state-metrics.monitoring.svc.cluster.local:8080,kube-state-metrics,online-boutique,paymentservice-79b96847c-hlmrf,9c55848b-1404-4776-a979-1364b72f35a0
1780608533,5,kube_pod_container_status_restarts_total,server,kube-state-metrics.monitoring.svc.cluster.local:8080,kube-state-metrics,online-boutique,paymentservice-79b96847c-hlmrf,9c55848b-1404-4776-a979-1364b72f35a0
1780608548,5,kube_pod_container_status_restarts_total,server,kube-state-metrics.monitoring.svc.cluster.local:8080,kube-state-metrics,online-boutique,paymentservice-79b96847c-hlmrf,9c55848b-1404-4776-a979-1364b72f35a0
1780608563,5,kube_pod_container_status_restarts_total,server,kube-state-metrics.monitoring.svc.cluster.local:8080,kube-state-metrics,online-boutique,paymentservice-79b96847c-hlmrf,9c55848b-1404-4776-a979-1364b72f35a0
1780608578,5,kube_pod_container_status_restarts_total,server,kube-state-metrics.monitoring.svc.cluster.local:8080,kube-state-metrics,online-boutique,paymentservice-79b96847c-hlmrf,9c55848b-1404-4776-a979-1364b72f35a0
1780608593,5,kube_pod_container_status_restarts_total,server,kube-state-metrics.monitoring.svc.cluster.local:8080,kube-state-metrics,online-boutique,paymentservice-79b96847c-hlmrf,9c55848b-1404-4776-a979-1364b72f35a0
1780608608,5,kube_pod_container_status_restarts_total,server,kube-state-metrics.monitoring.svc.cluster.local:8080,kube-state-metrics,online-boutique,paymentservice-79b96847c-hlmrf,9c55848b-1404-4776-a979-1364b72f35a0
1780608623,5,kube_pod_container_status_restarts_total,server,kube-state-metrics.monitoring.svc.cluster.local:8080,kube-state-metrics,online-boutique,paymentservice-79b96847c-hlmrf,9c55848b-1404-4776-a979-1364b72f35a0
1780608638,5,kube_pod_container_status_restarts_total,server,kube-state-metrics.monitoring.svc.cluster.local:8080,kube-state-metrics,online-boutique,paymentservice-79b96847c-hlmrf,9c55848b-1404-4776-a979-1364b72f35a0
1780608653,5,kube_pod_container_status_restarts_total,server,kube-state-metrics.monitoring.svc.cluster.local:8080,kube-state-metrics,online-boutique,paymentservice-79b96847c-hlmrf,9c55848b-1404-4776-a979-1364b72f35a0
1780608668,5,kube_pod_container_status_restarts_total,server,kube-state-metrics.monitoring.svc.cluster.local:8080,kube-state-metrics,online-boutique,paymentservice-79b96847c-hlmrf,9c55848b-1404-4776-a979-1364b72f35a0
1780608683,5,kube_pod_container_status_restarts_total,server,kube-state-metrics.monitoring.svc.cluster.local:8080,kube-state-metrics,online-boutique,paymentservice-79b96847c-hlmrf,9c55848b-1404-4776-a979-1364b72f35a0
1780608323,5,kube_pod_container_status_restarts_total,server,kube-state-metrics.monitoring.svc.cluster.local:8080,kube-state-metrics,online-boutique,productcatalogservice-c4cfd98fb-n5rmd,01f3d20f-3032-49e2-b152-1c794ff8cf8f
1780608338,5,kube_pod_container_status_restarts_total,server,kube-state-metrics.monitoring.svc.cluster.local:8080,kube-state-metrics,online-boutique,productcatalogservice-c4cfd98fb-n5rmd,01f3d20f-3032-49e2-b152-1c794ff8cf8f
1780608353,5,kube_pod_container_status_restarts_total,server,kube-state-metrics.monitoring.svc.cluster.local:8080,kube-state-metrics,online-boutique,productcatalogservice-c4cfd98fb-n5rmd,01f3d20f-3032-49e2-b152-1c794ff8cf8f
1780608368,5,kube_pod_container_status_restarts_total,server,kube-state-metrics.monitoring.svc.cluster.local:8080,kube-state-metrics,online-boutique,productcatalogservice-c4cfd98fb-n5rmd,01f3d20f-3032-49e2-b152-1c794ff8cf8f
1780608383,5,kube_pod_container_status_restarts_total,server,kube-state-metrics.monitoring.svc.cluster.local:8080,kube-state-metrics,online-boutique,productcatalogservice-c4cfd98fb-n5rmd,01f3d20f-3032-49e2-b152-1c794ff8cf8f
1780608398,5,kube_pod_container_status_restarts_total,server,kube-state-metrics.monitoring.svc.cluster.local:8080,kube-state-metrics,online-boutique,productcatalogservice-c4cfd98fb-n5rmd,01f3d20f-3032-49e2-b152-1c794ff8cf8f
1780608413,5,kube_pod_container_status_restarts_total,server,kube-state-metrics.monitoring.svc.cluster.local:8080,kube-state-metrics,online-boutique,productcatalogservice-c4cfd98fb-n5rmd,01f3d20f-3032-49e2-b152-1c794ff8cf8f
1780608428,5,kube_pod_container_status_restarts_total,server,kube-state-metrics.monitoring.svc.cluster.local:8080,kube-state-metrics,online-boutique,productcatalogservice-c4cfd98fb-n5rmd,01f3d20f-3032-49e2-b152-1c794ff8cf8f
1780608443,5,kube_pod_container_status_restarts_total,server,kube-state-metrics.monitoring.svc.cluster.local:8080,kube-state-metrics,online-boutique,productcatalogservice-c4cfd98fb-n5rmd,01f3d20f-3032-49e2-b152-1c794ff8cf8f
1780608458,5,kube_pod_container_status_restarts_total,server,kube-state-metrics.monitoring.svc.cluster.local:8080,kube-state-metrics,online-boutique,productcatalogservice-c4cfd98fb-n5rmd,01f3d20f-3032-49e2-b152-1c794ff8cf8f
1780608473,5,kube_pod_container_status_restarts_total,server,kube-state-metrics.monitoring.svc.cluster.local:8080,kube-state-metrics,online-boutique,productcatalogservice-c4cfd98fb-n5rmd,01f3d20f-3032-49e2-b152-1c794ff8cf8f
1780608488,5,kube_pod_container_status_restarts_total,server,kube-state-metrics.monitoring.svc.cluster.local:8080,kube-state-metrics,online-boutique,productcatalogservice-c4cfd98fb-n5rmd,01f3d20f-3032-49e2-b152-1c794ff8cf8f
1780608503,5,kube_pod_container_status_restarts_total,server,kube-state-metrics.monitoring.svc.cluster.local:8080,kube-state-metrics,online-boutique,productcatalogservice-c4cfd98fb-n5rmd,01f3d20f-3032-49e2-b152-1c794ff8cf8f
1780608518,5,kube_pod_container_status_restarts_total,server,kube-state-metrics.monitoring.svc.cluster.local:8080,kube-state-metrics,online-boutique,productcatalogservice-c4cfd98fb-n5rmd,01f3d20f-3032-49e2-b152-1c794ff8cf8f
1780608533,5,kube_pod_container_status_restarts_total,server,kube-state-metrics.monitoring.svc.cluster.local:8080,kube-state-metrics,online-boutique,productcatalogservice-c4cfd98fb-n5rmd,01f3d20f-3032-49e2-b152-1c794ff8cf8f
1780608548,5,kube_pod_container_status_restarts_total,server,kube-state-metrics.monitoring.svc.cluster.local:8080,kube-state-metrics,online-boutique,productcatalogservice-c4cfd98fb-n5rmd,01f3d20f-3032-49e2-b152-1c794ff8cf8f
1780608563,5,kube_pod_container_status_restarts_total,server,kube-state-metrics.monitoring.svc.cluster.local:8080,kube-state-metrics,online-boutique,productcatalogservice-c4cfd98fb-n5rmd,01f3d20f-3032-49e2-b152-1c794ff8cf8f
1780608578,5,kube_pod_container_status_restarts_total,server,kube-state-metrics.monitoring.svc.cluster.local:8080,kube-state-metrics,online-boutique,productcatalogservice-c4cfd98fb-n5rmd,01f3d20f-3032-49e2-b152-1c794ff8cf8f
1780608593,5,kube_pod_container_status_restarts_total,server,kube-state-metrics.monitoring.svc.cluster.local:8080,kube-state-metrics,online-boutique,productcatalogservice-c4cfd98fb-n5rmd,01f3d20f-3032-49e2-b152-1c794ff8cf8f
1780608608,5,kube_pod_container_status_restarts_total,server,kube-state-metrics.monitoring.svc.cluster.local:8080,kube-state-metrics,online-boutique,productcatalogservice-c4cfd98fb-n5rmd,01f3d20f-3032-49e2-b152-1c794ff8cf8f
1780608623,5,kube_pod_container_status_restarts_total,server,kube-state-metrics.monitoring.svc.cluster.local:8080,kube-state-metrics,online-boutique,productcatalogservice-c4cfd98fb-n5rmd,01f3d20f-3032-49e2-b152-1c794ff8cf8f
1780608638,5,kube_pod_container_status_restarts_total,server,kube-state-metrics.monitoring.svc.cluster.local:8080,kube-state-metrics,online-boutique,productcatalogservice-c4cfd98fb-n5rmd,01f3d20f-3032-49e2-b152-1c794ff8cf8f
1780608653,5,kube_pod_container_status_restarts_total,server,kube-state-metrics.monitoring.svc.cluster.local:8080,kube-state-metrics,online-boutique,productcatalogservice-c4cfd98fb-n5rmd,01f3d20f-3032-49e2-b152-1c794ff8cf8f
1780608668,5,kube_pod_container_status_restarts_total,server,kube-state-metrics.monitoring.svc.cluster.local:8080,kube-state-metrics,online-boutique,productcatalogservice-c4cfd98fb-n5rmd,01f3d20f-3032-49e2-b152-1c794ff8cf8f
1780608683,5,kube_pod_container_status_restarts_total,server,kube-state-metrics.monitoring.svc.cluster.local:8080,kube-state-metrics,online-boutique,productcatalogservice-c4cfd98fb-n5rmd,01f3d20f-3032-49e2-b152-1c794ff8cf8f
1780608323,5,kube_pod_container_status_restarts_total,server,kube-state-metrics.monitoring.svc.cluster.local:8080,kube-state-metrics,online-boutique,recommendationservice-b5b5bfc56-k2lqc,30cb9cb8-2a27-47b3-a398-4773020ca7ef
1780608338,5,kube_pod_container_status_restarts_total,server,kube-state-metrics.monitoring.svc.cluster.local:8080,kube-state-metrics,online-boutique,recommendationservice-b5b5bfc56-k2lqc,30cb9cb8-2a27-47b3-a398-4773020ca7ef
1780608353,5,kube_pod_container_status_restarts_total,server,kube-state-metrics.monitoring.svc.cluster.local:8080,kube-state-metrics,online-boutique,recommendationservice-b5b5bfc56-k2lqc,30cb9cb8-2a27-47b3-a398-4773020ca7ef
1780608368,5,kube_pod_container_status_restarts_total,server,kube-state-metrics.monitoring.svc.cluster.local:8080,kube-state-metrics,online-boutique,recommendationservice-b5b5bfc56-k2lqc,30cb9cb8-2a27-47b3-a398-4773020ca7ef
1780608383,5,kube_pod_container_status_restarts_total,server,kube-state-metrics.monitoring.svc.cluster.local:8080,kube-state-metrics,online-boutique,recommendationservice-b5b5bfc56-k2lqc,30cb9cb8-2a27-47b3-a398-4773020ca7ef
1780608398,5,kube_pod_container_status_restarts_total,server,kube-state-metrics.monitoring.svc.cluster.local:8080,kube-state-metrics,online-boutique,recommendationservice-b5b5bfc56-k2lqc,30cb9cb8-2a27-47b3-a398-4773020ca7ef
1780608413,5,kube_pod_container_status_restarts_total,server,kube-state-metrics.monitoring.svc.cluster.local:8080,kube-state-metrics,online-boutique,recommendationservice-b5b5bfc56-k2lqc,30cb9cb8-2a27-47b3-a398-4773020ca7ef
1780608428,5,kube_pod_container_status_restarts_total,server,kube-state-metrics.monitoring.svc.cluster.local:8080,kube-state-metrics,online-boutique,recommendationservice-b5b5bfc56-k2lqc,30cb9cb8-2a27-47b3-a398-4773020ca7ef
1780608443,5,kube_pod_container_status_restarts_total,server,kube-state-metrics.monitoring.svc.cluster.local:8080,kube-state-metrics,online-boutique,recommendationservice-b5b5bfc56-k2lqc,30cb9cb8-2a27-47b3-a398-4773020ca7ef
1780608458,5,kube_pod_container_status_restarts_total,server,kube-state-metrics.monitoring.svc.cluster.local:8080,kube-state-metrics,online-boutique,recommendationservice-b5b5bfc56-k2lqc,30cb9cb8-2a27-47b3-a398-4773020ca7ef
1780608473,5,kube_pod_container_status_restarts_total,server,kube-state-metrics.monitoring.svc.cluster.local:8080,kube-state-metrics,online-boutique,recommendationservice-b5b5bfc56-k2lqc,30cb9cb8-2a27-47b3-a398-4773020ca7ef
1780608488,5,kube_pod_container_status_restarts_total,server,kube-state-metrics.monitoring.svc.cluster.local:8080,kube-state-metrics,online-boutique,recommendationservice-b5b5bfc56-k2lqc,30cb9cb8-2a27-47b3-a398-4773020ca7ef
1780608503,5,kube_pod_container_status_restarts_total,server,kube-state-metrics.monitoring.svc.cluster.local:8080,kube-state-metrics,online-boutique,recommendationservice-b5b5bfc56-k2lqc,30cb9cb8-2a27-47b3-a398-4773020ca7ef
1780608518,5,kube_pod_container_status_restarts_total,server,kube-state-metrics.monitoring.svc.cluster.local:8080,kube-state-metrics,online-boutique,recommendationservice-b5b5bfc56-k2lqc,30cb9cb8-2a27-47b3-a398-4773020ca7ef
1780608533,5,kube_pod_container_status_restarts_total,server,kube-state-metrics.monitoring.svc.cluster.local:8080,kube-state-metrics,online-boutique,recommendationservice-b5b5bfc56-k2lqc,30cb9cb8-2a27-47b3-a398-4773020ca7ef
1780608548,5,kube_pod_container_status_restarts_total,server,kube-state-metrics.monitoring.svc.cluster.local:8080,kube-state-metrics,online-boutique,recommendationservice-b5b5bfc56-k2lqc,30cb9cb8-2a27-47b3-a398-4773020ca7ef
1780608563,5,kube_pod_container_status_restarts_total,server,kube-state-metrics.monitoring.svc.cluster.local:8080,kube-state-metrics,online-boutique,recommendationservice-b5b5bfc56-k2lqc,30cb9cb8-2a27-47b3-a398-4773020ca7ef
1780608578,5,kube_pod_container_status_restarts_total,server,kube-state-metrics.monitoring.svc.cluster.local:8080,kube-state-metrics,online-boutique,recommendationservice-b5b5bfc56-k2lqc,30cb9cb8-2a27-47b3-a398-4773020ca7ef
1780608593,5,kube_pod_container_status_restarts_total,server,kube-state-metrics.monitoring.svc.cluster.local:8080,kube-state-metrics,online-boutique,recommendationservice-b5b5bfc56-k2lqc,30cb9cb8-2a27-47b3-a398-4773020ca7ef
1780608608,5,kube_pod_container_status_restarts_total,server,kube-state-metrics.monitoring.svc.cluster.local:8080,kube-state-metrics,online-boutique,recommendationservice-b5b5bfc56-k2lqc,30cb9cb8-2a27-47b3-a398-4773020ca7ef
1780608623,5,kube_pod_container_status_restarts_total,server,kube-state-metrics.monitoring.svc.cluster.local:8080,kube-state-metrics,online-boutique,recommendationservice-b5b5bfc56-k2lqc,30cb9cb8-2a27-47b3-a398-4773020ca7ef
1780608638,5,kube_pod_container_status_restarts_total,server,kube-state-metrics.monitoring.svc.cluster.local:8080,kube-state-metrics,online-boutique,recommendationservice-b5b5bfc56-k2lqc,30cb9cb8-2a27-47b3-a398-4773020ca7ef
1780608653,5,kube_pod_container_status_restarts_total,server,kube-state-metrics.monitoring.svc.cluster.local:8080,kube-state-metrics,online-boutique,recommendationservice-b5b5bfc56-k2lqc,30cb9cb8-2a27-47b3-a398-4773020ca7ef
1780608668,5,kube_pod_container_status_restarts_total,server,kube-state-metrics.monitoring.svc.cluster.local:8080,kube-state-metrics,online-boutique,recommendationservice-b5b5bfc56-k2lqc,30cb9cb8-2a27-47b3-a398-4773020ca7ef
1780608683,5,kube_pod_container_status_restarts_total,server,kube-state-metrics.monitoring.svc.cluster.local:8080,kube-state-metrics,online-boutique,recommendationservice-b5b5bfc56-k2lqc,30cb9cb8-2a27-47b3-a398-4773020ca7ef
1780608323,5,kube_pod_container_status_restarts_total,server,kube-state-metrics.monitoring.svc.cluster.local:8080,kube-state-metrics,online-boutique,shippingservice-5dcc4d7bd-7rtkk,62fc476f-c2b4-4cf7-9a9d-ca71dea9fb42
1780608338,5,kube_pod_container_status_restarts_total,server,kube-state-metrics.monitoring.svc.cluster.local:8080,kube-state-metrics,online-boutique,shippingservice-5dcc4d7bd-7rtkk,62fc476f-c2b4-4cf7-9a9d-ca71dea9fb42
1780608353,5,kube_pod_container_status_restarts_total,server,kube-state-metrics.monitoring.svc.cluster.local:8080,kube-state-metrics,online-boutique,shippingservice-5dcc4d7bd-7rtkk,62fc476f-c2b4-4cf7-9a9d-ca71dea9fb42
1780608368,5,kube_pod_container_status_restarts_total,server,kube-state-metrics.monitoring.svc.cluster.local:8080,kube-state-metrics,online-boutique,shippingservice-5dcc4d7bd-7rtkk,62fc476f-c2b4-4cf7-9a9d-ca71dea9fb42
1780608383,5,kube_pod_container_status_restarts_total,server,kube-state-metrics.monitoring.svc.cluster.local:8080,kube-state-metrics,online-boutique,shippingservice-5dcc4d7bd-7rtkk,62fc476f-c2b4-4cf7-9a9d-ca71dea9fb42
1780608398,5,kube_pod_container_status_restarts_total,server,kube-state-metrics.monitoring.svc.cluster.local:8080,kube-state-metrics,online-boutique,shippingservice-5dcc4d7bd-7rtkk,62fc476f-c2b4-4cf7-9a9d-ca71dea9fb42
1780608413,5,kube_pod_container_status_restarts_total,server,kube-state-metrics.monitoring.svc.cluster.local:8080,kube-state-metrics,online-boutique,shippingservice-5dcc4d7bd-7rtkk,62fc476f-c2b4-4cf7-9a9d-ca71dea9fb42
1780608428,5,kube_pod_container_status_restarts_total,server,kube-state-metrics.monitoring.svc.cluster.local:8080,kube-state-metrics,online-boutique,shippingservice-5dcc4d7bd-7rtkk,62fc476f-c2b4-4cf7-9a9d-ca71dea9fb42
1780608443,5,kube_pod_container_status_restarts_total,server,kube-state-metrics.monitoring.svc.cluster.local:8080,kube-state-metrics,online-boutique,shippingservice-5dcc4d7bd-7rtkk,62fc476f-c2b4-4cf7-9a9d-ca71dea9fb42
1780608458,5,kube_pod_container_status_restarts_total,server,kube-state-metrics.monitoring.svc.cluster.local:8080,kube-state-metrics,online-boutique,shippingservice-5dcc4d7bd-7rtkk,62fc476f-c2b4-4cf7-9a9d-ca71dea9fb42
1780608473,5,kube_pod_container_status_restarts_total,server,kube-state-metrics.monitoring.svc.cluster.local:8080,kube-state-metrics,online-boutique,shippingservice-5dcc4d7bd-7rtkk,62fc476f-c2b4-4cf7-9a9d-ca71dea9fb42
1780608488,5,kube_pod_container_status_restarts_total,server,kube-state-metrics.monitoring.svc.cluster.local:8080,kube-state-metrics,online-boutique,shippingservice-5dcc4d7bd-7rtkk,62fc476f-c2b4-4cf7-9a9d-ca71dea9fb42
1780608503,5,kube_pod_container_status_restarts_total,server,kube-state-metrics.monitoring.svc.cluster.local:8080,kube-state-metrics,online-boutique,shippingservice-5dcc4d7bd-7rtkk,62fc476f-c2b4-4cf7-9a9d-ca71dea9fb42
1780608518,5,kube_pod_container_status_restarts_total,server,kube-state-metrics.monitoring.svc.cluster.local:8080,kube-state-metrics,online-boutique,shippingservice-5dcc4d7bd-7rtkk,62fc476f-c2b4-4cf7-9a9d-ca71dea9fb42
1780608533,5,kube_pod_container_status_restarts_total,server,kube-state-metrics.monitoring.svc.cluster.local:8080,kube-state-metrics,online-boutique,shippingservice-5dcc4d7bd-7rtkk,62fc476f-c2b4-4cf7-9a9d-ca71dea9fb42
1780608548,5,kube_pod_container_status_restarts_total,server,kube-state-metrics.monitoring.svc.cluster.local:8080,kube-state-metrics,online-boutique,shippingservice-5dcc4d7bd-7rtkk,62fc476f-c2b4-4cf7-9a9d-ca71dea9fb42
1780608563,5,kube_pod_container_status_restarts_total,server,kube-state-metrics.monitoring.svc.cluster.local:8080,kube-state-metrics,online-boutique,shippingservice-5dcc4d7bd-7rtkk,62fc476f-c2b4-4cf7-9a9d-ca71dea9fb42
1780608578,5,kube_pod_container_status_restarts_total,server,kube-state-metrics.monitoring.svc.cluster.local:8080,kube-state-metrics,online-boutique,shippingservice-5dcc4d7bd-7rtkk,62fc476f-c2b4-4cf7-9a9d-ca71dea9fb42
1780608593,5,kube_pod_container_status_restarts_total,server,kube-state-metrics.monitoring.svc.cluster.local:8080,kube-state-metrics,online-boutique,shippingservice-5dcc4d7bd-7rtkk,62fc476f-c2b4-4cf7-9a9d-ca71dea9fb42
1780608608,5,kube_pod_container_status_restarts_total,server,kube-state-metrics.monitoring.svc.cluster.local:8080,kube-state-metrics,online-boutique,shippingservice-5dcc4d7bd-7rtkk,62fc476f-c2b4-4cf7-9a9d-ca71dea9fb42
1780608623,5,kube_pod_container_status_restarts_total,server,kube-state-metrics.monitoring.svc.cluster.local:8080,kube-state-metrics,online-boutique,shippingservice-5dcc4d7bd-7rtkk,62fc476f-c2b4-4cf7-9a9d-ca71dea9fb42
1780608638,5,kube_pod_container_status_restarts_total,server,kube-state-metrics.monitoring.svc.cluster.local:8080,kube-state-metrics,online-boutique,shippingservice-5dcc4d7bd-7rtkk,62fc476f-c2b4-4cf7-9a9d-ca71dea9fb42
1780608653,5,kube_pod_container_status_restarts_total,server,kube-state-metrics.monitoring.svc.cluster.local:8080,kube-state-metrics,online-boutique,shippingservice-5dcc4d7bd-7rtkk,62fc476f-c2b4-4cf7-9a9d-ca71dea9fb42
1780608668,5,kube_pod_container_status_restarts_total,server,kube-state-metrics.monitoring.svc.cluster.local:8080,kube-state-metrics,online-boutique,shippingservice-5dcc4d7bd-7rtkk,62fc476f-c2b4-4cf7-9a9d-ca71dea9fb42
1780608683,5,kube_pod_container_status_restarts_total,server,kube-state-metrics.monitoring.svc.cluster.local:8080,kube-state-metrics,online-boutique,shippingservice-5dcc4d7bd-7rtkk,62fc476f-c2b4-4cf7-9a9d-ca71dea9fb42
