timestamp,value,__name__,beta_kubernetes_io_arch,beta_kubernetes_io_os,id,instance,job,kubernetes_io_arch,kubernetes_io_hostname,kubernetes_io_os,minikube_k8s_io_commit,minikube_k8s_io_name,minikube_k8s_io_primary,minikube_k8s_io_updated_at,minikube_k8s_io_version,namespace,pod
1780612078,9596928,container_memory_working_set_bytes,amd64,linux,/kubepods/burstable/pod01f3d20f-3032-49e2-b152-1c794ff8cf8f,minikube,kubernetes-cadvisor,amd64,minikube,linux,c93a4cb9311efc66b90d33ea03f75f2c4120e9b0,minikube,true,2026_05_10T19_19_17_0700,v1.38.1,online-boutique,productcatalogservice-c4cfd98fb-n5rmd
1780612093,9863168,container_memory_working_set_bytes,amd64,linux,/kubepods/burstable/pod01f3d20f-3032-49e2-b152-1c794ff8cf8f,minikube,kubernetes-cadvisor,amd64,minikube,linux,c93a4cb9311efc66b90d33ea03f75f2c4120e9b0,minikube,true,2026_05_10T19_19_17_0700,v1.38.1,online-boutique,productcatalogservice-c4cfd98fb-n5rmd
1780612108,9863168,container_memory_working_set_bytes,amd64,linux,/kubepods/burstable/pod01f3d20f-3032-49e2-b152-1c794ff8cf8f,minikube,kubernetes-cadvisor,amd64,minikube,linux,c93a4cb9311efc66b90d33ea03f75f2c4120e9b0,minikube,true,2026_05_10T19_19_17_0700,v1.38.1,online-boutique,productcatalogservice-c4cfd98fb-n5rmd
1780612123,9596928,container_memory_working_set_bytes,amd64,linux,/kubepods/burstable/pod01f3d20f-3032-49e2-b152-1c794ff8cf8f,minikube,kubernetes-cadvisor,amd64,minikube,linux,c93a4cb9311efc66b90d33ea03f75f2c4120e9b0,minikube,true,2026_05_10T19_19_17_0700,v1.38.1,online-boutique,productcatalogservice-c4cfd98fb-n5rmd
1780612138,9596928,container_memory_working_set_bytes,amd64,linux,/kubepods/burstable/pod01f3d20f-3032-49e2-b152-1c794ff8cf8f,minikube,kubernetes-cadvisor,amd64,minikube,linux,c93a4cb9311efc66b90d33ea03f75f2c4120e9b0,minikube,true,2026_05_10T19_19_17_0700,v1.38.1,online-boutique,productcatalogservice-c4cfd98fb-n5rmd
1780612153,9596928,container_memory_working_set_bytes,amd64,linux,/kubepods/burstable/pod01f3d20f-3032-49e2-b152-1c794ff8cf8f,minikube,kubernetes-cadvisor,amd64,minikube,linux,c93a4cb9311efc66b90d33ea03f75f2c4120e9b0,minikube,true,2026_05_10T19_19_17_0700,v1.38.1,online-boutique,productcatalogservice-c4cfd98fb-n5rmd
1780612168,9596928,container_memory_working_set_bytes,amd64,linux,/kubepods/burstable/pod01f3d20f-3032-49e2-b152-1c794ff8cf8f,minikube,kubernetes-cadvisor,amd64,minikube,linux,c93a4cb9311efc66b90d33ea03f75f2c4120e9b0,minikube,true,2026_05_10T19_19_17_0700,v1.38.1,online-boutique,productcatalogservice-c4cfd98fb-n5rmd
1780612183,9596928,container_memory_working_set_bytes,amd64,linux,/kubepods/burstable/pod01f3d20f-3032-49e2-b152-1c794ff8cf8f,minikube,kubernetes-cadvisor,amd64,minikube,linux,c93a4cb9311efc66b90d33ea03f75f2c4120e9b0,minikube,true,2026_05_10T19_19_17_0700,v1.38.1,online-boutique,productcatalogservice-c4cfd98fb-n5rmd
1780612198,9596928,container_memory_working_set_bytes,amd64,linux,/kubepods/burstable/pod01f3d20f-3032-49e2-b152-1c794ff8cf8f,minikube,kubernetes-cadvisor,amd64,minikube,linux,c93a4cb9311efc66b90d33ea03f75f2c4120e9b0,minikube,true,2026_05_10T19_19_17_0700,v1.38.1,online-boutique,productcatalogservice-c4cfd98fb-n5rmd
1780612213,9531392,container_memory_working_set_bytes,amd64,linux,/kubepods/burstable/pod01f3d20f-3032-49e2-b152-1c794ff8cf8f,minikube,kubernetes-cadvisor,amd64,minikube,linux,c93a4cb9311efc66b90d33ea03f75f2c4120e9b0,minikube,true,2026_05_10T19_19_17_0700,v1.38.1,online-boutique,productcatalogservice-c4cfd98fb-n5rmd
1780612228,9531392,container_memory_working_set_bytes,amd64,linux,/kubepods/burstable/pod01f3d20f-3032-49e2-b152-1c794ff8cf8f,minikube,kubernetes-cadvisor,amd64,minikube,linux,c93a4cb9311efc66b90d33ea03f75f2c4120e9b0,minikube,true,2026_05_10T19_19_17_0700,v1.38.1,online-boutique,productcatalogservice-c4cfd98fb-n5rmd
1780612243,9531392,container_memory_working_set_bytes,amd64,linux,/kubepods/burstable/pod01f3d20f-3032-49e2-b152-1c794ff8cf8f,minikube,kubernetes-cadvisor,amd64,minikube,linux,c93a4cb9311efc66b90d33ea03f75f2c4120e9b0,minikube,true,2026_05_10T19_19_17_0700,v1.38.1,online-boutique,productcatalogservice-c4cfd98fb-n5rmd
1780612258,9531392,container_memory_working_set_bytes,amd64,linux,/kubepods/burstable/pod01f3d20f-3032-49e2-b152-1c794ff8cf8f,minikube,kubernetes-cadvisor,amd64,minikube,linux,c93a4cb9311efc66b90d33ea03f75f2c4120e9b0,minikube,true,2026_05_10T19_19_17_0700,v1.38.1,online-boutique,productcatalogservice-c4cfd98fb-n5rmd
1780612273,9531392,container_memory_working_set_bytes,amd64,linux,/kubepods/burstable/pod01f3d20f-3032-49e2-b152-1c794ff8cf8f,minikube,kubernetes-cadvisor,amd64,minikube,linux,c93a4cb9311efc66b90d33ea03f75f2c4120e9b0,minikube,true,2026_05_10T19_19_17_0700,v1.38.1,online-boutique,productcatalogservice-c4cfd98fb-n5rmd
1780612288,9531392,container_memory_working_set_bytes,amd64,linux,/kubepods/burstable/pod01f3d20f-3032-49e2-b152-1c794ff8cf8f,minikube,kubernetes-cadvisor,amd64,minikube,linux,c93a4cb9311efc66b90d33ea03f75f2c4120e9b0,minikube,true,2026_05_10T19_19_17_0700,v1.38.1,online-boutique,productcatalogservice-c4cfd98fb-n5rmd
1780612078,110170112,container_memory_working_set_bytes,amd64,linux,/kubepods/burstable/pod187940fe-085c-49fa-8e70-566b8297dee8,minikube,kubernetes-cadvisor,amd64,minikube,linux,c93a4cb9311efc66b90d33ea03f75f2c4120e9b0,minikube,true,2026_05_10T19_19_17_0700,v1.38.1,online-boutique,adservice-64dd5464b8-75dzr
1780612093,110047232,container_memory_working_set_bytes,amd64,linux,/kubepods/burstable/pod187940fe-085c-49fa-8e70-566b8297dee8,minikube,kubernetes-cadvisor,amd64,minikube,linux,c93a4cb9311efc66b90d33ea03f75f2c4120e9b0,minikube,true,2026_05_10T19_19_17_0700,v1.38.1,online-boutique,adservice-64dd5464b8-75dzr
1780612108,110047232,container_memory_working_set_bytes,amd64,linux,/kubepods/burstable/pod187940fe-085c-49fa-8e70-566b8297dee8,minikube,kubernetes-cadvisor,amd64,minikube,linux,c93a4cb9311efc66b90d33ea03f75f2c4120e9b0,minikube,true,2026_05_10T19_19_17_0700,v1.38.1,online-boutique,adservice-64dd5464b8-75dzr
1780612123,110047232,container_memory_working_set_bytes,amd64,linux,/kubepods/burstable/pod187940fe-085c-49fa-8e70-566b8297dee8,minikube,kubernetes-cadvisor,amd64,minikube,linux,c93a4cb9311efc66b90d33ea03f75f2c4120e9b0,minikube,true,2026_05_10T19_19_17_0700,v1.38.1,online-boutique,adservice-64dd5464b8-75dzr
1780612138,110047232,container_memory_working_set_bytes,amd64,linux,/kubepods/burstable/pod187940fe-085c-49fa-8e70-566b8297dee8,minikube,kubernetes-cadvisor,amd64,minikube,linux,c93a4cb9311efc66b90d33ea03f75f2c4120e9b0,minikube,true,2026_05_10T19_19_17_0700,v1.38.1,online-boutique,adservice-64dd5464b8-75dzr
1780612153,110047232,container_memory_working_set_bytes,amd64,linux,/kubepods/burstable/pod187940fe-085c-49fa-8e70-566b8297dee8,minikube,kubernetes-cadvisor,amd64,minikube,linux,c93a4cb9311efc66b90d33ea03f75f2c4120e9b0,minikube,true,2026_05_10T19_19_17_0700,v1.38.1,online-boutique,adservice-64dd5464b8-75dzr
1780612168,110047232,container_memory_working_set_bytes,amd64,linux,/kubepods/burstable/pod187940fe-085c-49fa-8e70-566b8297dee8,minikube,kubernetes-cadvisor,amd64,minikube,linux,c93a4cb9311efc66b90d33ea03f75f2c4120e9b0,minikube,true,2026_05_10T19_19_17_0700,v1.38.1,online-boutique,adservice-64dd5464b8-75dzr
1780612183,110047232,container_memory_working_set_bytes,amd64,linux,/kubepods/burstable/pod187940fe-085c-49fa-8e70-566b8297dee8,minikube,kubernetes-cadvisor,amd64,minikube,linux,c93a4cb9311efc66b90d33ea03f75f2c4120e9b0,minikube,true,2026_05_10T19_19_17_0700,v1.38.1,online-boutique,adservice-64dd5464b8-75dzr
1780612198,110170112,container_memory_working_set_bytes,amd64,linux,/kubepods/burstable/pod187940fe-085c-49fa-8e70-566b8297dee8,minikube,kubernetes-cadvisor,amd64,minikube,linux,c93a4cb9311efc66b90d33ea03f75f2c4120e9b0,minikube,true,2026_05_10T19_19_17_0700,v1.38.1,online-boutique,adservice-64dd5464b8-75dzr
1780612213,110170112,container_memory_working_set_bytes,amd64,linux,/kubepods/burstable/pod187940fe-085c-49fa-8e70-566b8297dee8,minikube,kubernetes-cadvisor,amd64,minikube,linux,c93a4cb9311efc66b90d33ea03f75f2c4120e9b0,minikube,true,2026_05_10T19_19_17_0700,v1.38.1,online-boutique,adservice-64dd5464b8-75dzr
1780612228,110174208,container_memory_working_set_bytes,amd64,linux,/kubepods/burstable/pod187940fe-085c-49fa-8e70-566b8297dee8,minikube,kubernetes-cadvisor,amd64,minikube,linux,c93a4cb9311efc66b90d33ea03f75f2c4120e9b0,minikube,true,2026_05_10T19_19_17_0700,v1.38.1,online-boutique,adservice-64dd5464b8-75dzr
1780612243,110174208,container_memory_working_set_bytes,amd64,linux,/kubepods/burstable/pod187940fe-085c-49fa-8e70-566b8297dee8,minikube,kubernetes-cadvisor,amd64,minikube,linux,c93a4cb9311efc66b90d33ea03f75f2c4120e9b0,minikube,true,2026_05_10T19_19_17_0700,v1.38.1,online-boutique,adservice-64dd5464b8-75dzr
1780612258,110170112,container_memory_working_set_bytes,amd64,linux,/kubepods/burstable/pod187940fe-085c-49fa-8e70-566b8297dee8,minikube,kubernetes-cadvisor,amd64,minikube,linux,c93a4cb9311efc66b90d33ea03f75f2c4120e9b0,minikube,true,2026_05_10T19_19_17_0700,v1.38.1,online-boutique,adservice-64dd5464b8-75dzr
1780612273,110047232,container_memory_working_set_bytes,amd64,linux,/kubepods/burstable/pod187940fe-085c-49fa-8e70-566b8297dee8,minikube,kubernetes-cadvisor,amd64,minikube,linux,c93a4cb9311efc66b90d33ea03f75f2c4120e9b0,minikube,true,2026_05_10T19_19_17_0700,v1.38.1,online-boutique,adservice-64dd5464b8-75dzr
1780612288,110047232,container_memory_working_set_bytes,amd64,linux,/kubepods/burstable/pod187940fe-085c-49fa-8e70-566b8297dee8,minikube,kubernetes-cadvisor,amd64,minikube,linux,c93a4cb9311efc66b90d33ea03f75f2c4120e9b0,minikube,true,2026_05_10T19_19_17_0700,v1.38.1,online-boutique,adservice-64dd5464b8-75dzr
1780612078,9572352,container_memory_working_set_bytes,amd64,linux,/kubepods/burstable/pod2dbfba94-4edb-4d67-a5a7-d60278acbfdd,minikube,kubernetes-cadvisor,amd64,minikube,linux,c93a4cb9311efc66b90d33ea03f75f2c4120e9b0,minikube,true,2026_05_10T19_19_17_0700,v1.38.1,online-boutique,checkoutservice-dcf4c5c7b-82zmn
1780612093,9523200,container_memory_working_set_bytes,amd64,linux,/kubepods/burstable/pod2dbfba94-4edb-4d67-a5a7-d60278acbfdd,minikube,kubernetes-cadvisor,amd64,minikube,linux,c93a4cb9311efc66b90d33ea03f75f2c4120e9b0,minikube,true,2026_05_10T19_19_17_0700,v1.38.1,online-boutique,checkoutservice-dcf4c5c7b-82zmn
1780612108,9523200,container_memory_working_set_bytes,amd64,linux,/kubepods/burstable/pod2dbfba94-4edb-4d67-a5a7-d60278acbfdd,minikube,kubernetes-cadvisor,amd64,minikube,linux,c93a4cb9311efc66b90d33ea03f75f2c4120e9b0,minikube,true,2026_05_10T19_19_17_0700,v1.38.1,online-boutique,checkoutservice-dcf4c5c7b-82zmn
1780612123,9523200,container_memory_working_set_bytes,amd64,linux,/kubepods/burstable/pod2dbfba94-4edb-4d67-a5a7-d60278acbfdd,minikube,kubernetes-cadvisor,amd64,minikube,linux,c93a4cb9311efc66b90d33ea03f75f2c4120e9b0,minikube,true,2026_05_10T19_19_17_0700,v1.38.1,online-boutique,checkoutservice-dcf4c5c7b-82zmn
1780612138,9523200,container_memory_working_set_bytes,amd64,linux,/kubepods/burstable/pod2dbfba94-4edb-4d67-a5a7-d60278acbfdd,minikube,kubernetes-cadvisor,amd64,minikube,linux,c93a4cb9311efc66b90d33ea03f75f2c4120e9b0,minikube,true,2026_05_10T19_19_17_0700,v1.38.1,online-boutique,checkoutservice-dcf4c5c7b-82zmn
1780612153,9523200,container_memory_working_set_bytes,amd64,linux,/kubepods/burstable/pod2dbfba94-4edb-4d67-a5a7-d60278acbfdd,minikube,kubernetes-cadvisor,amd64,minikube,linux,c93a4cb9311efc66b90d33ea03f75f2c4120e9b0,minikube,true,2026_05_10T19_19_17_0700,v1.38.1,online-boutique,checkoutservice-dcf4c5c7b-82zmn
1780612168,9523200,container_memory_working_set_bytes,amd64,linux,/kubepods/burstable/pod2dbfba94-4edb-4d67-a5a7-d60278acbfdd,minikube,kubernetes-cadvisor,amd64,minikube,linux,c93a4cb9311efc66b90d33ea03f75f2c4120e9b0,minikube,true,2026_05_10T19_19_17_0700,v1.38.1,online-boutique,checkoutservice-dcf4c5c7b-82zmn
1780612183,9523200,container_memory_working_set_bytes,amd64,linux,/kubepods/burstable/pod2dbfba94-4edb-4d67-a5a7-d60278acbfdd,minikube,kubernetes-cadvisor,amd64,minikube,linux,c93a4cb9311efc66b90d33ea03f75f2c4120e9b0,minikube,true,2026_05_10T19_19_17_0700,v1.38.1,online-boutique,checkoutservice-dcf4c5c7b-82zmn
1780612198,9523200,container_memory_working_set_bytes,amd64,linux,/kubepods/burstable/pod2dbfba94-4edb-4d67-a5a7-d60278acbfdd,minikube,kubernetes-cadvisor,amd64,minikube,linux,c93a4cb9311efc66b90d33ea03f75f2c4120e9b0,minikube,true,2026_05_10T19_19_17_0700,v1.38.1,online-boutique,checkoutservice-dcf4c5c7b-82zmn
1780612213,9523200,container_memory_working_set_bytes,amd64,linux,/kubepods/burstable/pod2dbfba94-4edb-4d67-a5a7-d60278acbfdd,minikube,kubernetes-cadvisor,amd64,minikube,linux,c93a4cb9311efc66b90d33ea03f75f2c4120e9b0,minikube,true,2026_05_10T19_19_17_0700,v1.38.1,online-boutique,checkoutservice-dcf4c5c7b-82zmn
1780612228,9523200,container_memory_working_set_bytes,amd64,linux,/kubepods/burstable/pod2dbfba94-4edb-4d67-a5a7-d60278acbfdd,minikube,kubernetes-cadvisor,amd64,minikube,linux,c93a4cb9311efc66b90d33ea03f75f2c4120e9b0,minikube,true,2026_05_10T19_19_17_0700,v1.38.1,online-boutique,checkoutservice-dcf4c5c7b-82zmn
1780612243,9523200,container_memory_working_set_bytes,amd64,linux,/kubepods/burstable/pod2dbfba94-4edb-4d67-a5a7-d60278acbfdd,minikube,kubernetes-cadvisor,amd64,minikube,linux,c93a4cb9311efc66b90d33ea03f75f2c4120e9b0,minikube,true,2026_05_10T19_19_17_0700,v1.38.1,online-boutique,checkoutservice-dcf4c5c7b-82zmn
1780612258,9646080,container_memory_working_set_bytes,amd64,linux,/kubepods/burstable/pod2dbfba94-4edb-4d67-a5a7-d60278acbfdd,minikube,kubernetes-cadvisor,amd64,minikube,linux,c93a4cb9311efc66b90d33ea03f75f2c4120e9b0,minikube,true,2026_05_10T19_19_17_0700,v1.38.1,online-boutique,checkoutservice-dcf4c5c7b-82zmn
1780612273,9908224,container_memory_working_set_bytes,amd64,linux,/kubepods/burstable/pod2dbfba94-4edb-4d67-a5a7-d60278acbfdd,minikube,kubernetes-cadvisor,amd64,minikube,linux,c93a4cb9311efc66b90d33ea03f75f2c4120e9b0,minikube,true,2026_05_10T19_19_17_0700,v1.38.1,online-boutique,checkoutservice-dcf4c5c7b-82zmn
1780612288,9646080,container_memory_working_set_bytes,amd64,linux,/kubepods/burstable/pod2dbfba94-4edb-4d67-a5a7-d60278acbfdd,minikube,kubernetes-cadvisor,amd64,minikube,linux,c93a4cb9311efc66b90d33ea03f75f2c4120e9b0,minikube,true,2026_05_10T19_19_17_0700,v1.38.1,online-boutique,checkoutservice-dcf4c5c7b-82zmn
1780612078,40210432,container_memory_working_set_bytes,amd64,linux,/kubepods/burstable/pod30cb9cb8-2a27-47b3-a398-4773020ca7ef,minikube,kubernetes-cadvisor,amd64,minikube,linux,c93a4cb9311efc66b90d33ea03f75f2c4120e9b0,minikube,true,2026_05_10T19_19_17_0700,v1.38.1,online-boutique,recommendationservice-b5b5bfc56-k2lqc
1780612093,40468480,container_memory_working_set_bytes,amd64,linux,/kubepods/burstable/pod30cb9cb8-2a27-47b3-a398-4773020ca7ef,minikube,kubernetes-cadvisor,amd64,minikube,linux,c93a4cb9311efc66b90d33ea03f75f2c4120e9b0,minikube,true,2026_05_10T19_19_17_0700,v1.38.1,online-boutique,recommendationservice-b5b5bfc56-k2lqc
1780612108,40210432,container_memory_working_set_bytes,amd64,linux,/kubepods/burstable/pod30cb9cb8-2a27-47b3-a398-4773020ca7ef,minikube,kubernetes-cadvisor,amd64,minikube,linux,c93a4cb9311efc66b90d33ea03f75f2c4120e9b0,minikube,true,2026_05_10T19_19_17_0700,v1.38.1,online-boutique,recommendationservice-b5b5bfc56-k2lqc
1780612123,40206336,container_memory_working_set_bytes,amd64,linux,/kubepods/burstable/pod30cb9cb8-2a27-47b3-a398-4773020ca7ef,minikube,kubernetes-cadvisor,amd64,minikube,linux,c93a4cb9311efc66b90d33ea03f75f2c4120e9b0,minikube,true,2026_05_10T19_19_17_0700,v1.38.1,online-boutique,recommendationservice-b5b5bfc56-k2lqc
1780612138,40206336,container_memory_working_set_bytes,amd64,linux,/kubepods/burstable/pod30cb9cb8-2a27-47b3-a398-4773020ca7ef,minikube,kubernetes-cadvisor,amd64,minikube,linux,c93a4cb9311efc66b90d33ea03f75f2c4120e9b0,minikube,true,2026_05_10T19_19_17_0700,v1.38.1,online-boutique,recommendationservice-b5b5bfc56-k2lqc
1780612153,40210432,container_memory_working_set_bytes,amd64,linux,/kubepods/burstable/pod30cb9cb8-2a27-47b3-a398-4773020ca7ef,minikube,kubernetes-cadvisor,amd64,minikube,linux,c93a4cb9311efc66b90d33ea03f75f2c4120e9b0,minikube,true,2026_05_10T19_19_17_0700,v1.38.1,online-boutique,recommendationservice-b5b5bfc56-k2lqc
1780612168,40206336,container_memory_working_set_bytes,amd64,linux,/kubepods/burstable/pod30cb9cb8-2a27-47b3-a398-4773020ca7ef,minikube,kubernetes-cadvisor,amd64,minikube,linux,c93a4cb9311efc66b90d33ea03f75f2c4120e9b0,minikube,true,2026_05_10T19_19_17_0700,v1.38.1,online-boutique,recommendationservice-b5b5bfc56-k2lqc
1780612183,40214528,container_memory_working_set_bytes,amd64,linux,/kubepods/burstable/pod30cb9cb8-2a27-47b3-a398-4773020ca7ef,minikube,kubernetes-cadvisor,amd64,minikube,linux,c93a4cb9311efc66b90d33ea03f75f2c4120e9b0,minikube,true,2026_05_10T19_19_17_0700,v1.38.1,online-boutique,recommendationservice-b5b5bfc56-k2lqc
1780612198,40206336,container_memory_working_set_bytes,amd64,linux,/kubepods/burstable/pod30cb9cb8-2a27-47b3-a398-4773020ca7ef,minikube,kubernetes-cadvisor,amd64,minikube,linux,c93a4cb9311efc66b90d33ea03f75f2c4120e9b0,minikube,true,2026_05_10T19_19_17_0700,v1.38.1,online-boutique,recommendationservice-b5b5bfc56-k2lqc
1780612213,40210432,container_memory_working_set_bytes,amd64,linux,/kubepods/burstable/pod30cb9cb8-2a27-47b3-a398-4773020ca7ef,minikube,kubernetes-cadvisor,amd64,minikube,linux,c93a4cb9311efc66b90d33ea03f75f2c4120e9b0,minikube,true,2026_05_10T19_19_17_0700,v1.38.1,online-boutique,recommendationservice-b5b5bfc56-k2lqc
1780612228,40206336,container_memory_working_set_bytes,amd64,linux,/kubepods/burstable/pod30cb9cb8-2a27-47b3-a398-4773020ca7ef,minikube,kubernetes-cadvisor,amd64,minikube,linux,c93a4cb9311efc66b90d33ea03f75f2c4120e9b0,minikube,true,2026_05_10T19_19_17_0700,v1.38.1,online-boutique,recommendationservice-b5b5bfc56-k2lqc
1780612243,40206336,container_memory_working_set_bytes,amd64,linux,/kubepods/burstable/pod30cb9cb8-2a27-47b3-a398-4773020ca7ef,minikube,kubernetes-cadvisor,amd64,minikube,linux,c93a4cb9311efc66b90d33ea03f75f2c4120e9b0,minikube,true,2026_05_10T19_19_17_0700,v1.38.1,online-boutique,recommendationservice-b5b5bfc56-k2lqc
1780612258,40206336,container_memory_working_set_bytes,amd64,linux,/kubepods/burstable/pod30cb9cb8-2a27-47b3-a398-4773020ca7ef,minikube,kubernetes-cadvisor,amd64,minikube,linux,c93a4cb9311efc66b90d33ea03f75f2c4120e9b0,minikube,true,2026_05_10T19_19_17_0700,v1.38.1,online-boutique,recommendationservice-b5b5bfc56-k2lqc
1780612273,40210432,container_memory_working_set_bytes,amd64,linux,/kubepods/burstable/pod30cb9cb8-2a27-47b3-a398-4773020ca7ef,minikube,kubernetes-cadvisor,amd64,minikube,linux,c93a4cb9311efc66b90d33ea03f75f2c4120e9b0,minikube,true,2026_05_10T19_19_17_0700,v1.38.1,online-boutique,recommendationservice-b5b5bfc56-k2lqc
1780612288,40226816,container_memory_working_set_bytes,amd64,linux,/kubepods/burstable/pod30cb9cb8-2a27-47b3-a398-4773020ca7ef,minikube,kubernetes-cadvisor,amd64,minikube,linux,c93a4cb9311efc66b90d33ea03f75f2c4120e9b0,minikube,true,2026_05_10T19_19_17_0700,v1.38.1,online-boutique,recommendationservice-b5b5bfc56-k2lqc
1780612123,4411392,container_memory_working_set_bytes,amd64,linux,/kubepods/burstable/pod43e6a5f0-4d0d-4b7c-8d37-d7db21145154,minikube,kubernetes-cadvisor,amd64,minikube,linux,c93a4cb9311efc66b90d33ea03f75f2c4120e9b0,minikube,true,2026_05_10T19_19_17_0700,v1.38.1,online-boutique,frontend-759775d795-r8sgc
1780612138,4411392,container_memory_working_set_bytes,amd64,linux,/kubepods/burstable/pod43e6a5f0-4d0d-4b7c-8d37-d7db21145154,minikube,kubernetes-cadvisor,amd64,minikube,linux,c93a4cb9311efc66b90d33ea03f75f2c4120e9b0,minikube,true,2026_05_10T19_19_17_0700,v1.38.1,online-boutique,frontend-759775d795-r8sgc
1780612153,9048064,container_memory_working_set_bytes,amd64,linux,/kubepods/burstable/pod43e6a5f0-4d0d-4b7c-8d37-d7db21145154,minikube,kubernetes-cadvisor,amd64,minikube,linux,c93a4cb9311efc66b90d33ea03f75f2c4120e9b0,minikube,true,2026_05_10T19_19_17_0700,v1.38.1,online-boutique,frontend-759775d795-r8sgc
1780612168,9637888,container_memory_working_set_bytes,amd64,linux,/kubepods/burstable/pod43e6a5f0-4d0d-4b7c-8d37-d7db21145154,minikube,kubernetes-cadvisor,amd64,minikube,linux,c93a4cb9311efc66b90d33ea03f75f2c4120e9b0,minikube,true,2026_05_10T19_19_17_0700,v1.38.1,online-boutique,frontend-759775d795-r8sgc
1780612183,9826304,container_memory_working_set_bytes,amd64,linux,/kubepods/burstable/pod43e6a5f0-4d0d-4b7c-8d37-d7db21145154,minikube,kubernetes-cadvisor,amd64,minikube,linux,c93a4cb9311efc66b90d33ea03f75f2c4120e9b0,minikube,true,2026_05_10T19_19_17_0700,v1.38.1,online-boutique,frontend-759775d795-r8sgc
1780612198,9805824,container_memory_working_set_bytes,amd64,linux,/kubepods/burstable/pod43e6a5f0-4d0d-4b7c-8d37-d7db21145154,minikube,kubernetes-cadvisor,amd64,minikube,linux,c93a4cb9311efc66b90d33ea03f75f2c4120e9b0,minikube,true,2026_05_10T19_19_17_0700,v1.38.1,online-boutique,frontend-759775d795-r8sgc
1780612213,10047488,container_memory_working_set_bytes,amd64,linux,/kubepods/burstable/pod43e6a5f0-4d0d-4b7c-8d37-d7db21145154,minikube,kubernetes-cadvisor,amd64,minikube,linux,c93a4cb9311efc66b90d33ea03f75f2c4120e9b0,minikube,true,2026_05_10T19_19_17_0700,v1.38.1,online-boutique,frontend-759775d795-r8sgc
1780612228,10006528,container_memory_working_set_bytes,amd64,linux,/kubepods/burstable/pod43e6a5f0-4d0d-4b7c-8d37-d7db21145154,minikube,kubernetes-cadvisor,amd64,minikube,linux,c93a4cb9311efc66b90d33ea03f75f2c4120e9b0,minikube,true,2026_05_10T19_19_17_0700,v1.38.1,online-boutique,frontend-759775d795-r8sgc
1780612243,9953280,container_memory_working_set_bytes,amd64,linux,/kubepods/burstable/pod43e6a5f0-4d0d-4b7c-8d37-d7db21145154,minikube,kubernetes-cadvisor,amd64,minikube,linux,c93a4cb9311efc66b90d33ea03f75f2c4120e9b0,minikube,true,2026_05_10T19_19_17_0700,v1.38.1,online-boutique,frontend-759775d795-r8sgc
1780612258,10039296,container_memory_working_set_bytes,amd64,linux,/kubepods/burstable/pod43e6a5f0-4d0d-4b7c-8d37-d7db21145154,minikube,kubernetes-cadvisor,amd64,minikube,linux,c93a4cb9311efc66b90d33ea03f75f2c4120e9b0,minikube,true,2026_05_10T19_19_17_0700,v1.38.1,online-boutique,frontend-759775d795-r8sgc
1780612273,10059776,container_memory_working_set_bytes,amd64,linux,/kubepods/burstable/pod43e6a5f0-4d0d-4b7c-8d37-d7db21145154,minikube,kubernetes-cadvisor,amd64,minikube,linux,c93a4cb9311efc66b90d33ea03f75f2c4120e9b0,minikube,true,2026_05_10T19_19_17_0700,v1.38.1,online-boutique,frontend-759775d795-r8sgc
1780612288,10100736,container_memory_working_set_bytes,amd64,linux,/kubepods/burstable/pod43e6a5f0-4d0d-4b7c-8d37-d7db21145154,minikube,kubernetes-cadvisor,amd64,minikube,linux,c93a4cb9311efc66b90d33ea03f75f2c4120e9b0,minikube,true,2026_05_10T19_19_17_0700,v1.38.1,online-boutique,frontend-759775d795-r8sgc
1780612078,40517632,container_memory_working_set_bytes,amd64,linux,/kubepods/burstable/pod505ae502-2a13-4974-a492-27f58aa0b489,minikube,kubernetes-cadvisor,amd64,minikube,linux,c93a4cb9311efc66b90d33ea03f75f2c4120e9b0,minikube,true,2026_05_10T19_19_17_0700,v1.38.1,online-boutique,currencyservice-8fdf6cf9d-wkfrs
1780612093,40517632,container_memory_working_set_bytes,amd64,linux,/kubepods/burstable/pod505ae502-2a13-4974-a492-27f58aa0b489,minikube,kubernetes-cadvisor,amd64,minikube,linux,c93a4cb9311efc66b90d33ea03f75f2c4120e9b0,minikube,true,2026_05_10T19_19_17_0700,v1.38.1,online-boutique,currencyservice-8fdf6cf9d-wkfrs
1780612108,40652800,container_memory_working_set_bytes,amd64,linux,/kubepods/burstable/pod505ae502-2a13-4974-a492-27f58aa0b489,minikube,kubernetes-cadvisor,amd64,minikube,linux,c93a4cb9311efc66b90d33ea03f75f2c4120e9b0,minikube,true,2026_05_10T19_19_17_0700,v1.38.1,online-boutique,currencyservice-8fdf6cf9d-wkfrs
1780612123,40697856,container_memory_working_set_bytes,amd64,linux,/kubepods/burstable/pod505ae502-2a13-4974-a492-27f58aa0b489,minikube,kubernetes-cadvisor,amd64,minikube,linux,c93a4cb9311efc66b90d33ea03f75f2c4120e9b0,minikube,true,2026_05_10T19_19_17_0700,v1.38.1,online-boutique,currencyservice-8fdf6cf9d-wkfrs
1780612138,40742912,container_memory_working_set_bytes,amd64,linux,/kubepods/burstable/pod505ae502-2a13-4974-a492-27f58aa0b489,minikube,kubernetes-cadvisor,amd64,minikube,linux,c93a4cb9311efc66b90d33ea03f75f2c4120e9b0,minikube,true,2026_05_10T19_19_17_0700,v1.38.1,online-boutique,currencyservice-8fdf6cf9d-wkfrs
1780612153,40775680,container_memory_working_set_bytes,amd64,linux,/kubepods/burstable/pod505ae502-2a13-4974-a492-27f58aa0b489,minikube,kubernetes-cadvisor,amd64,minikube,linux,c93a4cb9311efc66b90d33ea03f75f2c4120e9b0,minikube,true,2026_05_10T19_19_17_0700,v1.38.1,online-boutique,currencyservice-8fdf6cf9d-wkfrs
1780612168,40853504,container_memory_working_set_bytes,amd64,linux,/kubepods/burstable/pod505ae502-2a13-4974-a492-27f58aa0b489,minikube,kubernetes-cadvisor,amd64,minikube,linux,c93a4cb9311efc66b90d33ea03f75f2c4120e9b0,minikube,true,2026_05_10T19_19_17_0700,v1.38.1,online-boutique,currencyservice-8fdf6cf9d-wkfrs
1780612183,40902656,container_memory_working_set_bytes,amd64,linux,/kubepods/burstable/pod505ae502-2a13-4974-a492-27f58aa0b489,minikube,kubernetes-cadvisor,amd64,minikube,linux,c93a4cb9311efc66b90d33ea03f75f2c4120e9b0,minikube,true,2026_05_10T19_19_17_0700,v1.38.1,online-boutique,currencyservice-8fdf6cf9d-wkfrs
1780612198,40984576,container_memory_working_set_bytes,amd64,linux,/kubepods/burstable/pod505ae502-2a13-4974-a492-27f58aa0b489,minikube,kubernetes-cadvisor,amd64,minikube,linux,c93a4cb9311efc66b90d33ea03f75f2c4120e9b0,minikube,true,2026_05_10T19_19_17_0700,v1.38.1,online-boutique,currencyservice-8fdf6cf9d-wkfrs
1780612213,41029632,container_memory_working_set_bytes,amd64,linux,/kubepods/burstable/pod505ae502-2a13-4974-a492-27f58aa0b489,minikube,kubernetes-cadvisor,amd64,minikube,linux,c93a4cb9311efc66b90d33ea03f75f2c4120e9b0,minikube,true,2026_05_10T19_19_17_0700,v1.38.1,online-boutique,currencyservice-8fdf6cf9d-wkfrs
1780612228,41107456,container_memory_working_set_bytes,amd64,linux,/kubepods/burstable/pod505ae502-2a13-4974-a492-27f58aa0b489,minikube,kubernetes-cadvisor,amd64,minikube,linux,c93a4cb9311efc66b90d33ea03f75f2c4120e9b0,minikube,true,2026_05_10T19_19_17_0700,v1.38.1,online-boutique,currencyservice-8fdf6cf9d-wkfrs
1780612243,41164800,container_memory_working_set_bytes,amd64,linux,/kubepods/burstable/pod505ae502-2a13-4974-a492-27f58aa0b489,minikube,kubernetes-cadvisor,amd64,minikube,linux,c93a4cb9311efc66b90d33ea03f75f2c4120e9b0,minikube,true,2026_05_10T19_19_17_0700,v1.38.1,online-boutique,currencyservice-8fdf6cf9d-wkfrs
1780612258,41222144,container_memory_working_set_bytes,amd64,linux,/kubepods/burstable/pod505ae502-2a13-4974-a492-27f58aa0b489,minikube,kubernetes-cadvisor,amd64,minikube,linux,c93a4cb9311efc66b90d33ea03f75f2c4120e9b0,minikube,true,2026_05_10T19_19_17_0700,v1.38.1,online-boutique,currencyservice-8fdf6cf9d-wkfrs
1780612273,41283584,container_memory_working_set_bytes,amd64,linux,/kubepods/burstable/pod505ae502-2a13-4974-a492-27f58aa0b489,minikube,kubernetes-cadvisor,amd64,minikube,linux,c93a4cb9311efc66b90d33ea03f75f2c4120e9b0,minikube,true,2026_05_10T19_19_17_0700,v1.38.1,online-boutique,currencyservice-8fdf6cf9d-wkfrs
1780612288,41328640,container_memory_working_set_bytes,amd64,linux,/kubepods/burstable/pod505ae502-2a13-4974-a492-27f58aa0b489,minikube,kubernetes-cadvisor,amd64,minikube,linux,c93a4cb9311efc66b90d33ea03f75f2c4120e9b0,minikube,true,2026_05_10T19_19_17_0700,v1.38.1,online-boutique,currencyservice-8fdf6cf9d-wkfrs
1780612078,39149568,container_memory_working_set_bytes,amd64,linux,/kubepods/burstable/pod5f70caa7-5853-4f08-a49b-da4db1bd09e4,minikube,kubernetes-cadvisor,amd64,minikube,linux,c93a4cb9311efc66b90d33ea03f75f2c4120e9b0,minikube,true,2026_05_10T19_19_17_0700,v1.38.1,online-boutique,emailservice-794d6cb7cf-t5fn4
1780612093,39149568,container_memory_working_set_bytes,amd64,linux,/kubepods/burstable/pod5f70caa7-5853-4f08-a49b-da4db1bd09e4,minikube,kubernetes-cadvisor,amd64,minikube,linux,c93a4cb9311efc66b90d33ea03f75f2c4120e9b0,minikube,true,2026_05_10T19_19_17_0700,v1.38.1,online-boutique,emailservice-794d6cb7cf-t5fn4
1780612108,39137280,container_memory_working_set_bytes,amd64,linux,/kubepods/burstable/pod5f70caa7-5853-4f08-a49b-da4db1bd09e4,minikube,kubernetes-cadvisor,amd64,minikube,linux,c93a4cb9311efc66b90d33ea03f75f2c4120e9b0,minikube,true,2026_05_10T19_19_17_0700,v1.38.1,online-boutique,emailservice-794d6cb7cf-t5fn4
1780612123,39149568,container_memory_working_set_bytes,amd64,linux,/kubepods/burstable/pod5f70caa7-5853-4f08-a49b-da4db1bd09e4,minikube,kubernetes-cadvisor,amd64,minikube,linux,c93a4cb9311efc66b90d33ea03f75f2c4120e9b0,minikube,true,2026_05_10T19_19_17_0700,v1.38.1,online-boutique,emailservice-794d6cb7cf-t5fn4
1780612138,39149568,container_memory_working_set_bytes,amd64,linux,/kubepods/burstable/pod5f70caa7-5853-4f08-a49b-da4db1bd09e4,minikube,kubernetes-cadvisor,amd64,minikube,linux,c93a4cb9311efc66b90d33ea03f75f2c4120e9b0,minikube,true,2026_05_10T19_19_17_0700,v1.38.1,online-boutique,emailservice-794d6cb7cf-t5fn4
1780612153,39149568,container_memory_working_set_bytes,amd64,linux,/kubepods/burstable/pod5f70caa7-5853-4f08-a49b-da4db1bd09e4,minikube,kubernetes-cadvisor,amd64,minikube,linux,c93a4cb9311efc66b90d33ea03f75f2c4120e9b0,minikube,true,2026_05_10T19_19_17_0700,v1.38.1,online-boutique,emailservice-794d6cb7cf-t5fn4
1780612168,39149568,container_memory_working_set_bytes,amd64,linux,/kubepods/burstable/pod5f70caa7-5853-4f08-a49b-da4db1bd09e4,minikube,kubernetes-cadvisor,amd64,minikube,linux,c93a4cb9311efc66b90d33ea03f75f2c4120e9b0,minikube,true,2026_05_10T19_19_17_0700,v1.38.1,online-boutique,emailservice-794d6cb7cf-t5fn4
1780612183,39149568,container_memory_working_set_bytes,amd64,linux,/kubepods/burstable/pod5f70caa7-5853-4f08-a49b-da4db1bd09e4,minikube,kubernetes-cadvisor,amd64,minikube,linux,c93a4cb9311efc66b90d33ea03f75f2c4120e9b0,minikube,true,2026_05_10T19_19_17_0700,v1.38.1,online-boutique,emailservice-794d6cb7cf-t5fn4
1780612198,39149568,container_memory_working_set_bytes,amd64,linux,/kubepods/burstable/pod5f70caa7-5853-4f08-a49b-da4db1bd09e4,minikube,kubernetes-cadvisor,amd64,minikube,linux,c93a4cb9311efc66b90d33ea03f75f2c4120e9b0,minikube,true,2026_05_10T19_19_17_0700,v1.38.1,online-boutique,emailservice-794d6cb7cf-t5fn4
1780612213,39153664,container_memory_working_set_bytes,amd64,linux,/kubepods/burstable/pod5f70caa7-5853-4f08-a49b-da4db1bd09e4,minikube,kubernetes-cadvisor,amd64,minikube,linux,c93a4cb9311efc66b90d33ea03f75f2c4120e9b0,minikube,true,2026_05_10T19_19_17_0700,v1.38.1,online-boutique,emailservice-794d6cb7cf-t5fn4
1780612228,39153664,container_memory_working_set_bytes,amd64,linux,/kubepods/burstable/pod5f70caa7-5853-4f08-a49b-da4db1bd09e4,minikube,kubernetes-cadvisor,amd64,minikube,linux,c93a4cb9311efc66b90d33ea03f75f2c4120e9b0,minikube,true,2026_05_10T19_19_17_0700,v1.38.1,online-boutique,emailservice-794d6cb7cf-t5fn4
1780612243,39149568,container_memory_working_set_bytes,amd64,linux,/kubepods/burstable/pod5f70caa7-5853-4f08-a49b-da4db1bd09e4,minikube,kubernetes-cadvisor,amd64,minikube,linux,c93a4cb9311efc66b90d33ea03f75f2c4120e9b0,minikube,true,2026_05_10T19_19_17_0700,v1.38.1,online-boutique,emailservice-794d6cb7cf-t5fn4
1780612258,39149568,container_memory_working_set_bytes,amd64,linux,/kubepods/burstable/pod5f70caa7-5853-4f08-a49b-da4db1bd09e4,minikube,kubernetes-cadvisor,amd64,minikube,linux,c93a4cb9311efc66b90d33ea03f75f2c4120e9b0,minikube,true,2026_05_10T19_19_17_0700,v1.38.1,online-boutique,emailservice-794d6cb7cf-t5fn4
1780612273,39149568,container_memory_working_set_bytes,amd64,linux,/kubepods/burstable/pod5f70caa7-5853-4f08-a49b-da4db1bd09e4,minikube,kubernetes-cadvisor,amd64,minikube,linux,c93a4cb9311efc66b90d33ea03f75f2c4120e9b0,minikube,true,2026_05_10T19_19_17_0700,v1.38.1,online-boutique,emailservice-794d6cb7cf-t5fn4
1780612288,39153664,container_memory_working_set_bytes,amd64,linux,/kubepods/burstable/pod5f70caa7-5853-4f08-a49b-da4db1bd09e4,minikube,kubernetes-cadvisor,amd64,minikube,linux,c93a4cb9311efc66b90d33ea03f75f2c4120e9b0,minikube,true,2026_05_10T19_19_17_0700,v1.38.1,online-boutique,emailservice-794d6cb7cf-t5fn4
1780612078,8687616,container_memory_working_set_bytes,amd64,linux,/kubepods/burstable/pod62fc476f-c2b4-4cf7-9a9d-ca71dea9fb42,minikube,kubernetes-cadvisor,amd64,minikube,linux,c93a4cb9311efc66b90d33ea03f75f2c4120e9b0,minikube,true,2026_05_10T19_19_17_0700,v1.38.1,online-boutique,shippingservice-5dcc4d7bd-7rtkk
1780612093,8687616,container_memory_working_set_bytes,amd64,linux,/kubepods/burstable/pod62fc476f-c2b4-4cf7-9a9d-ca71dea9fb42,minikube,kubernetes-cadvisor,amd64,minikube,linux,c93a4cb9311efc66b90d33ea03f75f2c4120e9b0,minikube,true,2026_05_10T19_19_17_0700,v1.38.1,online-boutique,shippingservice-5dcc4d7bd-7rtkk
1780612108,8687616,container_memory_working_set_bytes,amd64,linux,/kubepods/burstable/pod62fc476f-c2b4-4cf7-9a9d-ca71dea9fb42,minikube,kubernetes-cadvisor,amd64,minikube,linux,c93a4cb9311efc66b90d33ea03f75f2c4120e9b0,minikube,true,2026_05_10T19_19_17_0700,v1.38.1,online-boutique,shippingservice-5dcc4d7bd-7rtkk
1780612123,8683520,container_memory_working_set_bytes,amd64,linux,/kubepods/burstable/pod62fc476f-c2b4-4cf7-9a9d-ca71dea9fb42,minikube,kubernetes-cadvisor,amd64,minikube,linux,c93a4cb9311efc66b90d33ea03f75f2c4120e9b0,minikube,true,2026_05_10T19_19_17_0700,v1.38.1,online-boutique,shippingservice-5dcc4d7bd-7rtkk
1780612138,8687616,container_memory_working_set_bytes,amd64,linux,/kubepods/burstable/pod62fc476f-c2b4-4cf7-9a9d-ca71dea9fb42,minikube,kubernetes-cadvisor,amd64,minikube,linux,c93a4cb9311efc66b90d33ea03f75f2c4120e9b0,minikube,true,2026_05_10T19_19_17_0700,v1.38.1,online-boutique,shippingservice-5dcc4d7bd-7rtkk
1780612153,8687616,container_memory_working_set_bytes,amd64,linux,/kubepods/burstable/pod62fc476f-c2b4-4cf7-9a9d-ca71dea9fb42,minikube,kubernetes-cadvisor,amd64,minikube,linux,c93a4cb9311efc66b90d33ea03f75f2c4120e9b0,minikube,true,2026_05_10T19_19_17_0700,v1.38.1,online-boutique,shippingservice-5dcc4d7bd-7rtkk
1780612168,8687616,container_memory_working_set_bytes,amd64,linux,/kubepods/burstable/pod62fc476f-c2b4-4cf7-9a9d-ca71dea9fb42,minikube,kubernetes-cadvisor,amd64,minikube,linux,c93a4cb9311efc66b90d33ea03f75f2c4120e9b0,minikube,true,2026_05_10T19_19_17_0700,v1.38.1,online-boutique,shippingservice-5dcc4d7bd-7rtkk
1780612183,8687616,container_memory_working_set_bytes,amd64,linux,/kubepods/burstable/pod62fc476f-c2b4-4cf7-9a9d-ca71dea9fb42,minikube,kubernetes-cadvisor,amd64,minikube,linux,c93a4cb9311efc66b90d33ea03f75f2c4120e9b0,minikube,true,2026_05_10T19_19_17_0700,v1.38.1,online-boutique,shippingservice-5dcc4d7bd-7rtkk
1780612198,8687616,container_memory_working_set_bytes,amd64,linux,/kubepods/burstable/pod62fc476f-c2b4-4cf7-9a9d-ca71dea9fb42,minikube,kubernetes-cadvisor,amd64,minikube,linux,c93a4cb9311efc66b90d33ea03f75f2c4120e9b0,minikube,true,2026_05_10T19_19_17_0700,v1.38.1,online-boutique,shippingservice-5dcc4d7bd-7rtkk
1780612213,8687616,container_memory_working_set_bytes,amd64,linux,/kubepods/burstable/pod62fc476f-c2b4-4cf7-9a9d-ca71dea9fb42,minikube,kubernetes-cadvisor,amd64,minikube,linux,c93a4cb9311efc66b90d33ea03f75f2c4120e9b0,minikube,true,2026_05_10T19_19_17_0700,v1.38.1,online-boutique,shippingservice-5dcc4d7bd-7rtkk
1780612228,8687616,container_memory_working_set_bytes,amd64,linux,/kubepods/burstable/pod62fc476f-c2b4-4cf7-9a9d-ca71dea9fb42,minikube,kubernetes-cadvisor,amd64,minikube,linux,c93a4cb9311efc66b90d33ea03f75f2c4120e9b0,minikube,true,2026_05_10T19_19_17_0700,v1.38.1,online-boutique,shippingservice-5dcc4d7bd-7rtkk
1780612243,8687616,container_memory_working_set_bytes,amd64,linux,/kubepods/burstable/pod62fc476f-c2b4-4cf7-9a9d-ca71dea9fb42,minikube,kubernetes-cadvisor,amd64,minikube,linux,c93a4cb9311efc66b90d33ea03f75f2c4120e9b0,minikube,true,2026_05_10T19_19_17_0700,v1.38.1,online-boutique,shippingservice-5dcc4d7bd-7rtkk
1780612258,8687616,container_memory_working_set_bytes,amd64,linux,/kubepods/burstable/pod62fc476f-c2b4-4cf7-9a9d-ca71dea9fb42,minikube,kubernetes-cadvisor,amd64,minikube,linux,c93a4cb9311efc66b90d33ea03f75f2c4120e9b0,minikube,true,2026_05_10T19_19_17_0700,v1.38.1,online-boutique,shippingservice-5dcc4d7bd-7rtkk
1780612273,8687616,container_memory_working_set_bytes,amd64,linux,/kubepods/burstable/pod62fc476f-c2b4-4cf7-9a9d-ca71dea9fb42,minikube,kubernetes-cadvisor,amd64,minikube,linux,c93a4cb9311efc66b90d33ea03f75f2c4120e9b0,minikube,true,2026_05_10T19_19_17_0700,v1.38.1,online-boutique,shippingservice-5dcc4d7bd-7rtkk
1780612288,8691712,container_memory_working_set_bytes,amd64,linux,/kubepods/burstable/pod62fc476f-c2b4-4cf7-9a9d-ca71dea9fb42,minikube,kubernetes-cadvisor,amd64,minikube,linux,c93a4cb9311efc66b90d33ea03f75f2c4120e9b0,minikube,true,2026_05_10T19_19_17_0700,v1.38.1,online-boutique,shippingservice-5dcc4d7bd-7rtkk
1780612078,66351104,container_memory_working_set_bytes,amd64,linux,/kubepods/burstable/pod822c1d58-3c75-4aef-86c5-657472d1331d,minikube,kubernetes-cadvisor,amd64,minikube,linux,c93a4cb9311efc66b90d33ea03f75f2c4120e9b0,minikube,true,2026_05_10T19_19_17_0700,v1.38.1,online-boutique,loadgenerator-b865df6c6-rqqts
1780612093,66355200,container_memory_working_set_bytes,amd64,linux,/kubepods/burstable/pod822c1d58-3c75-4aef-86c5-657472d1331d,minikube,kubernetes-cadvisor,amd64,minikube,linux,c93a4cb9311efc66b90d33ea03f75f2c4120e9b0,minikube,true,2026_05_10T19_19_17_0700,v1.38.1,online-boutique,loadgenerator-b865df6c6-rqqts
1780612108,66359296,container_memory_working_set_bytes,amd64,linux,/kubepods/burstable/pod822c1d58-3c75-4aef-86c5-657472d1331d,minikube,kubernetes-cadvisor,amd64,minikube,linux,c93a4cb9311efc66b90d33ea03f75f2c4120e9b0,minikube,true,2026_05_10T19_19_17_0700,v1.38.1,online-boutique,loadgenerator-b865df6c6-rqqts
1780612123,66490368,container_memory_working_set_bytes,amd64,linux,/kubepods/burstable/pod822c1d58-3c75-4aef-86c5-657472d1331d,minikube,kubernetes-cadvisor,amd64,minikube,linux,c93a4cb9311efc66b90d33ea03f75f2c4120e9b0,minikube,true,2026_05_10T19_19_17_0700,v1.38.1,online-boutique,loadgenerator-b865df6c6-rqqts
1780612138,66678784,container_memory_working_set_bytes,amd64,linux,/kubepods/burstable/pod822c1d58-3c75-4aef-86c5-657472d1331d,minikube,kubernetes-cadvisor,amd64,minikube,linux,c93a4cb9311efc66b90d33ea03f75f2c4120e9b0,minikube,true,2026_05_10T19_19_17_0700,v1.38.1,online-boutique,loadgenerator-b865df6c6-rqqts
1780612153,66637824,container_memory_working_set_bytes,amd64,linux,/kubepods/burstable/pod822c1d58-3c75-4aef-86c5-657472d1331d,minikube,kubernetes-cadvisor,amd64,minikube,linux,c93a4cb9311efc66b90d33ea03f75f2c4120e9b0,minikube,true,2026_05_10T19_19_17_0700,v1.38.1,online-boutique,loadgenerator-b865df6c6-rqqts
1780612168,66703360,container_memory_working_set_bytes,amd64,linux,/kubepods/burstable/pod822c1d58-3c75-4aef-86c5-657472d1331d,minikube,kubernetes-cadvisor,amd64,minikube,linux,c93a4cb9311efc66b90d33ea03f75f2c4120e9b0,minikube,true,2026_05_10T19_19_17_0700,v1.38.1,online-boutique,loadgenerator-b865df6c6-rqqts
1780612183,66719744,container_memory_working_set_bytes,amd64,linux,/kubepods/burstable/pod822c1d58-3c75-4aef-86c5-657472d1331d,minikube,kubernetes-cadvisor,amd64,minikube,linux,c93a4cb9311efc66b90d33ea03f75f2c4120e9b0,minikube,true,2026_05_10T19_19_17_0700,v1.38.1,online-boutique,loadgenerator-b865df6c6-rqqts
1780612198,66732032,container_memory_working_set_bytes,amd64,linux,/kubepods/burstable/pod822c1d58-3c75-4aef-86c5-657472d1331d,minikube,kubernetes-cadvisor,amd64,minikube,linux,c93a4cb9311efc66b90d33ea03f75f2c4120e9b0,minikube,true,2026_05_10T19_19_17_0700,v1.38.1,online-boutique,loadgenerator-b865df6c6-rqqts
1780612213,66715648,container_memory_working_set_bytes,amd64,linux,/kubepods/burstable/pod822c1d58-3c75-4aef-86c5-657472d1331d,minikube,kubernetes-cadvisor,amd64,minikube,linux,c93a4cb9311efc66b90d33ea03f75f2c4120e9b0,minikube,true,2026_05_10T19_19_17_0700,v1.38.1,online-boutique,loadgenerator-b865df6c6-rqqts
1780612228,66732032,container_memory_working_set_bytes,amd64,linux,/kubepods/burstable/pod822c1d58-3c75-4aef-86c5-657472d1331d,minikube,kubernetes-cadvisor,amd64,minikube,linux,c93a4cb9311efc66b90d33ea03f75f2c4120e9b0,minikube,true,2026_05_10T19_19_17_0700,v1.38.1,online-boutique,loadgenerator-b865df6c6-rqqts
1780612243,66674688,container_memory_working_set_bytes,amd64,linux,/kubepods/burstable/pod822c1d58-3c75-4aef-86c5-657472d1331d,minikube,kubernetes-cadvisor,amd64,minikube,linux,c93a4cb9311efc66b90d33ea03f75f2c4120e9b0,minikube,true,2026_05_10T19_19_17_0700,v1.38.1,online-boutique,loadgenerator-b865df6c6-rqqts
1780612258,66674688,container_memory_working_set_bytes,amd64,linux,/kubepods/burstable/pod822c1d58-3c75-4aef-86c5-657472d1331d,minikube,kubernetes-cadvisor,amd64,minikube,linux,c93a4cb9311efc66b90d33ea03f75f2c4120e9b0,minikube,true,2026_05_10T19_19_17_0700,v1.38.1,online-boutique,loadgenerator-b865df6c6-rqqts
1780612273,66678784,container_memory_working_set_bytes,amd64,linux,/kubepods/burstable/pod822c1d58-3c75-4aef-86c5-657472d1331d,minikube,kubernetes-cadvisor,amd64,minikube,linux,c93a4cb9311efc66b90d33ea03f75f2c4120e9b0,minikube,true,2026_05_10T19_19_17_0700,v1.38.1,online-boutique,loadgenerator-b865df6c6-rqqts
1780612288,66686976,container_memory_working_set_bytes,amd64,linux,/kubepods/burstable/pod822c1d58-3c75-4aef-86c5-657472d1331d,minikube,kubernetes-cadvisor,amd64,minikube,linux,c93a4cb9311efc66b90d33ea03f75f2c4120e9b0,minikube,true,2026_05_10T19_19_17_0700,v1.38.1,online-boutique,loadgenerator-b865df6c6-rqqts
1780612078,35921920,container_memory_working_set_bytes,amd64,linux,/kubepods/burstable/pod9c55848b-1404-4776-a979-1364b72f35a0,minikube,kubernetes-cadvisor,amd64,minikube,linux,c93a4cb9311efc66b90d33ea03f75f2c4120e9b0,minikube,true,2026_05_10T19_19_17_0700,v1.38.1,online-boutique,paymentservice-79b96847c-hlmrf
1780612093,35962880,container_memory_working_set_bytes,amd64,linux,/kubepods/burstable/pod9c55848b-1404-4776-a979-1364b72f35a0,minikube,kubernetes-cadvisor,amd64,minikube,linux,c93a4cb9311efc66b90d33ea03f75f2c4120e9b0,minikube,true,2026_05_10T19_19_17_0700,v1.38.1,online-boutique,paymentservice-79b96847c-hlmrf
1780612108,36007936,container_memory_working_set_bytes,amd64,linux,/kubepods/burstable/pod9c55848b-1404-4776-a979-1364b72f35a0,minikube,kubernetes-cadvisor,amd64,minikube,linux,c93a4cb9311efc66b90d33ea03f75f2c4120e9b0,minikube,true,2026_05_10T19_19_17_0700,v1.38.1,online-boutique,paymentservice-79b96847c-hlmrf
1780612123,35868672,container_memory_working_set_bytes,amd64,linux,/kubepods/burstable/pod9c55848b-1404-4776-a979-1364b72f35a0,minikube,kubernetes-cadvisor,amd64,minikube,linux,c93a4cb9311efc66b90d33ea03f75f2c4120e9b0,minikube,true,2026_05_10T19_19_17_0700,v1.38.1,online-boutique,paymentservice-79b96847c-hlmrf
1780612138,35901440,container_memory_working_set_bytes,amd64,linux,/kubepods/burstable/pod9c55848b-1404-4776-a979-1364b72f35a0,minikube,kubernetes-cadvisor,amd64,minikube,linux,c93a4cb9311efc66b90d33ea03f75f2c4120e9b0,minikube,true,2026_05_10T19_19_17_0700,v1.38.1,online-boutique,paymentservice-79b96847c-hlmrf
1780612153,35938304,container_memory_working_set_bytes,amd64,linux,/kubepods/burstable/pod9c55848b-1404-4776-a979-1364b72f35a0,minikube,kubernetes-cadvisor,amd64,minikube,linux,c93a4cb9311efc66b90d33ea03f75f2c4120e9b0,minikube,true,2026_05_10T19_19_17_0700,v1.38.1,online-boutique,paymentservice-79b96847c-hlmrf
1780612168,35987456,container_memory_working_set_bytes,amd64,linux,/kubepods/burstable/pod9c55848b-1404-4776-a979-1364b72f35a0,minikube,kubernetes-cadvisor,amd64,minikube,linux,c93a4cb9311efc66b90d33ea03f75f2c4120e9b0,minikube,true,2026_05_10T19_19_17_0700,v1.38.1,online-boutique,paymentservice-79b96847c-hlmrf
1780612183,36020224,container_memory_working_set_bytes,amd64,linux,/kubepods/burstable/pod9c55848b-1404-4776-a979-1364b72f35a0,minikube,kubernetes-cadvisor,amd64,minikube,linux,c93a4cb9311efc66b90d33ea03f75f2c4120e9b0,minikube,true,2026_05_10T19_19_17_0700,v1.38.1,online-boutique,paymentservice-79b96847c-hlmrf
1780612198,35876864,container_memory_working_set_bytes,amd64,linux,/kubepods/burstable/pod9c55848b-1404-4776-a979-1364b72f35a0,minikube,kubernetes-cadvisor,amd64,minikube,linux,c93a4cb9311efc66b90d33ea03f75f2c4120e9b0,minikube,true,2026_05_10T19_19_17_0700,v1.38.1,online-boutique,paymentservice-79b96847c-hlmrf
1780612213,35897344,container_memory_working_set_bytes,amd64,linux,/kubepods/burstable/pod9c55848b-1404-4776-a979-1364b72f35a0,minikube,kubernetes-cadvisor,amd64,minikube,linux,c93a4cb9311efc66b90d33ea03f75f2c4120e9b0,minikube,true,2026_05_10T19_19_17_0700,v1.38.1,online-boutique,paymentservice-79b96847c-hlmrf
1780612228,35934208,container_memory_working_set_bytes,amd64,linux,/kubepods/burstable/pod9c55848b-1404-4776-a979-1364b72f35a0,minikube,kubernetes-cadvisor,amd64,minikube,linux,c93a4cb9311efc66b90d33ea03f75f2c4120e9b0,minikube,true,2026_05_10T19_19_17_0700,v1.38.1,online-boutique,paymentservice-79b96847c-hlmrf
1780612243,35975168,container_memory_working_set_bytes,amd64,linux,/kubepods/burstable/pod9c55848b-1404-4776-a979-1364b72f35a0,minikube,kubernetes-cadvisor,amd64,minikube,linux,c93a4cb9311efc66b90d33ea03f75f2c4120e9b0,minikube,true,2026_05_10T19_19_17_0700,v1.38.1,online-boutique,paymentservice-79b96847c-hlmrf
1780612258,36020224,container_memory_working_set_bytes,amd64,linux,/kubepods/burstable/pod9c55848b-1404-4776-a979-1364b72f35a0,minikube,kubernetes-cadvisor,amd64,minikube,linux,c93a4cb9311efc66b90d33ea03f75f2c4120e9b0,minikube,true,2026_05_10T19_19_17_0700,v1.38.1,online-boutique,paymentservice-79b96847c-hlmrf
1780612273,36020224,container_memory_working_set_bytes,amd64,linux,/kubepods/burstable/pod9c55848b-1404-4776-a979-1364b72f35a0,minikube,kubernetes-cadvisor,amd64,minikube,linux,c93a4cb9311efc66b90d33ea03f75f2c4120e9b0,minikube,true,2026_05_10T19_19_17_0700,v1.38.1,online-boutique,paymentservice-79b96847c-hlmrf
1780612288,36073472,container_memory_working_set_bytes,amd64,linux,/kubepods/burstable/pod9c55848b-1404-4776-a979-1364b72f35a0,minikube,kubernetes-cadvisor,amd64,minikube,linux,c93a4cb9311efc66b90d33ea03f75f2c4120e9b0,minikube,true,2026_05_10T19_19_17_0700,v1.38.1,online-boutique,paymentservice-79b96847c-hlmrf
1780612078,9793536,container_memory_working_set_bytes,amd64,linux,/kubepods/burstable/podc03c8c5b-8ea8-4ccb-923c-5caf5cd444a0,minikube,kubernetes-cadvisor,amd64,minikube,linux,c93a4cb9311efc66b90d33ea03f75f2c4120e9b0,minikube,true,2026_05_10T19_19_17_0700,v1.38.1,online-boutique,redis-cart-6899b65948-brs6z
1780612093,9793536,container_memory_working_set_bytes,amd64,linux,/kubepods/burstable/podc03c8c5b-8ea8-4ccb-923c-5caf5cd444a0,minikube,kubernetes-cadvisor,amd64,minikube,linux,c93a4cb9311efc66b90d33ea03f75f2c4120e9b0,minikube,true,2026_05_10T19_19_17_0700,v1.38.1,online-boutique,redis-cart-6899b65948-brs6z
1780612108,9793536,container_memory_working_set_bytes,amd64,linux,/kubepods/burstable/podc03c8c5b-8ea8-4ccb-923c-5caf5cd444a0,minikube,kubernetes-cadvisor,amd64,minikube,linux,c93a4cb9311efc66b90d33ea03f75f2c4120e9b0,minikube,true,2026_05_10T19_19_17_0700,v1.38.1,online-boutique,redis-cart-6899b65948-brs6z
1780612123,9531392,container_memory_working_set_bytes,amd64,linux,/kubepods/burstable/podc03c8c5b-8ea8-4ccb-923c-5caf5cd444a0,minikube,kubernetes-cadvisor,amd64,minikube,linux,c93a4cb9311efc66b90d33ea03f75f2c4120e9b0,minikube,true,2026_05_10T19_19_17_0700,v1.38.1,online-boutique,redis-cart-6899b65948-brs6z
1780612138,9531392,container_memory_working_set_bytes,amd64,linux,/kubepods/burstable/podc03c8c5b-8ea8-4ccb-923c-5caf5cd444a0,minikube,kubernetes-cadvisor,amd64,minikube,linux,c93a4cb9311efc66b90d33ea03f75f2c4120e9b0,minikube,true,2026_05_10T19_19_17_0700,v1.38.1,online-boutique,redis-cart-6899b65948-brs6z
1780612153,9793536,container_memory_working_set_bytes,amd64,linux,/kubepods/burstable/podc03c8c5b-8ea8-4ccb-923c-5caf5cd444a0,minikube,kubernetes-cadvisor,amd64,minikube,linux,c93a4cb9311efc66b90d33ea03f75f2c4120e9b0,minikube,true,2026_05_10T19_19_17_0700,v1.38.1,online-boutique,redis-cart-6899b65948-brs6z
1780612168,9793536,container_memory_working_set_bytes,amd64,linux,/kubepods/burstable/podc03c8c5b-8ea8-4ccb-923c-5caf5cd444a0,minikube,kubernetes-cadvisor,amd64,minikube,linux,c93a4cb9311efc66b90d33ea03f75f2c4120e9b0,minikube,true,2026_05_10T19_19_17_0700,v1.38.1,online-boutique,redis-cart-6899b65948-brs6z
1780612183,9793536,container_memory_working_set_bytes,amd64,linux,/kubepods/burstable/podc03c8c5b-8ea8-4ccb-923c-5caf5cd444a0,minikube,kubernetes-cadvisor,amd64,minikube,linux,c93a4cb9311efc66b90d33ea03f75f2c4120e9b0,minikube,true,2026_05_10T19_19_17_0700,v1.38.1,online-boutique,redis-cart-6899b65948-brs6z
1780612198,9793536,container_memory_working_set_bytes,amd64,linux,/kubepods/burstable/podc03c8c5b-8ea8-4ccb-923c-5caf5cd444a0,minikube,kubernetes-cadvisor,amd64,minikube,linux,c93a4cb9311efc66b90d33ea03f75f2c4120e9b0,minikube,true,2026_05_10T19_19_17_0700,v1.38.1,online-boutique,redis-cart-6899b65948-brs6z
1780612213,9793536,container_memory_working_set_bytes,amd64,linux,/kubepods/burstable/podc03c8c5b-8ea8-4ccb-923c-5caf5cd444a0,minikube,kubernetes-cadvisor,amd64,minikube,linux,c93a4cb9311efc66b90d33ea03f75f2c4120e9b0,minikube,true,2026_05_10T19_19_17_0700,v1.38.1,online-boutique,redis-cart-6899b65948-brs6z
1780612228,9793536,container_memory_working_set_bytes,amd64,linux,/kubepods/burstable/podc03c8c5b-8ea8-4ccb-923c-5caf5cd444a0,minikube,kubernetes-cadvisor,amd64,minikube,linux,c93a4cb9311efc66b90d33ea03f75f2c4120e9b0,minikube,true,2026_05_10T19_19_17_0700,v1.38.1,online-boutique,redis-cart-6899b65948-brs6z
1780612243,9531392,container_memory_working_set_bytes,amd64,linux,/kubepods/burstable/podc03c8c5b-8ea8-4ccb-923c-5caf5cd444a0,minikube,kubernetes-cadvisor,amd64,minikube,linux,c93a4cb9311efc66b90d33ea03f75f2c4120e9b0,minikube,true,2026_05_10T19_19_17_0700,v1.38.1,online-boutique,redis-cart-6899b65948-brs6z
1780612258,9793536,container_memory_working_set_bytes,amd64,linux,/kubepods/burstable/podc03c8c5b-8ea8-4ccb-923c-5caf5cd444a0,minikube,kubernetes-cadvisor,amd64,minikube,linux,c93a4cb9311efc66b90d33ea03f75f2c4120e9b0,minikube,true,2026_05_10T19_19_17_0700,v1.38.1,online-boutique,redis-cart-6899b65948-brs6z
1780612273,9531392,container_memory_working_set_bytes,amd64,linux,/kubepods/burstable/podc03c8c5b-8ea8-4ccb-923c-5caf5cd444a0,minikube,kubernetes-cadvisor,amd64,minikube,linux,c93a4cb9311efc66b90d33ea03f75f2c4120e9b0,minikube,true,2026_05_10T19_19_17_0700,v1.38.1,online-boutique,redis-cart-6899b65948-brs6z
1780612288,9531392,container_memory_working_set_bytes,amd64,linux,/kubepods/burstable/podc03c8c5b-8ea8-4ccb-923c-5caf5cd444a0,minikube,kubernetes-cadvisor,amd64,minikube,linux,c93a4cb9311efc66b90d33ea03f75f2c4120e9b0,minikube,true,2026_05_10T19_19_17_0700,v1.38.1,online-boutique,redis-cart-6899b65948-brs6z
1780612078,11264000,container_memory_working_set_bytes,amd64,linux,/kubepods/burstable/podea647de9-c379-448c-9886-31baf18b924e,minikube,kubernetes-cadvisor,amd64,minikube,linux,c93a4cb9311efc66b90d33ea03f75f2c4120e9b0,minikube,true,2026_05_10T19_19_17_0700,v1.38.1,online-boutique,frontend-759775d795-8j9sf
1780612093,11419648,container_memory_working_set_bytes,amd64,linux,/kubepods/burstable/podea647de9-c379-448c-9886-31baf18b924e,minikube,kubernetes-cadvisor,amd64,minikube,linux,c93a4cb9311efc66b90d33ea03f75f2c4120e9b0,minikube,true,2026_05_10T19_19_17_0700,v1.38.1,online-boutique,frontend-759775d795-8j9sf
1780612108,11350016,container_memory_working_set_bytes,amd64,linux,/kubepods/burstable/podea647de9-c379-448c-9886-31baf18b924e,minikube,kubernetes-cadvisor,amd64,minikube,linux,c93a4cb9311efc66b90d33ea03f75f2c4120e9b0,minikube,true,2026_05_10T19_19_17_0700,v1.38.1,online-boutique,frontend-759775d795-8j9sf
1780612123,11350016,container_memory_working_set_bytes,amd64,linux,/kubepods/burstable/podea647de9-c379-448c-9886-31baf18b924e,minikube,kubernetes-cadvisor,amd64,minikube,linux,c93a4cb9311efc66b90d33ea03f75f2c4120e9b0,minikube,true,2026_05_10T19_19_17_0700,v1.38.1,online-boutique,frontend-759775d795-8j9sf
1780612138,11350016,container_memory_working_set_bytes,amd64,linux,/kubepods/burstable/podea647de9-c379-448c-9886-31baf18b924e,minikube,kubernetes-cadvisor,amd64,minikube,linux,c93a4cb9311efc66b90d33ea03f75f2c4120e9b0,minikube,true,2026_05_10T19_19_17_0700,v1.38.1,online-boutique,frontend-759775d795-8j9sf
1780612153,11350016,container_memory_working_set_bytes,amd64,linux,/kubepods/burstable/podea647de9-c379-448c-9886-31baf18b924e,minikube,kubernetes-cadvisor,amd64,minikube,linux,c93a4cb9311efc66b90d33ea03f75f2c4120e9b0,minikube,true,2026_05_10T19_19_17_0700,v1.38.1,online-boutique,frontend-759775d795-8j9sf
1780612168,11350016,container_memory_working_set_bytes,amd64,linux,/kubepods/burstable/podea647de9-c379-448c-9886-31baf18b924e,minikube,kubernetes-cadvisor,amd64,minikube,linux,c93a4cb9311efc66b90d33ea03f75f2c4120e9b0,minikube,true,2026_05_10T19_19_17_0700,v1.38.1,online-boutique,frontend-759775d795-8j9sf
1780612183,11350016,container_memory_working_set_bytes,amd64,linux,/kubepods/burstable/podea647de9-c379-448c-9886-31baf18b924e,minikube,kubernetes-cadvisor,amd64,minikube,linux,c93a4cb9311efc66b90d33ea03f75f2c4120e9b0,minikube,true,2026_05_10T19_19_17_0700,v1.38.1,online-boutique,frontend-759775d795-8j9sf
1780612198,11350016,container_memory_working_set_bytes,amd64,linux,/kubepods/burstable/podea647de9-c379-448c-9886-31baf18b924e,minikube,kubernetes-cadvisor,amd64,minikube,linux,c93a4cb9311efc66b90d33ea03f75f2c4120e9b0,minikube,true,2026_05_10T19_19_17_0700,v1.38.1,online-boutique,frontend-759775d795-8j9sf
1780612213,11350016,container_memory_working_set_bytes,amd64,linux,/kubepods/burstable/podea647de9-c379-448c-9886-31baf18b924e,minikube,kubernetes-cadvisor,amd64,minikube,linux,c93a4cb9311efc66b90d33ea03f75f2c4120e9b0,minikube,true,2026_05_10T19_19_17_0700,v1.38.1,online-boutique,frontend-759775d795-8j9sf
1780612228,11350016,container_memory_working_set_bytes,amd64,linux,/kubepods/burstable/podea647de9-c379-448c-9886-31baf18b924e,minikube,kubernetes-cadvisor,amd64,minikube,linux,c93a4cb9311efc66b90d33ea03f75f2c4120e9b0,minikube,true,2026_05_10T19_19_17_0700,v1.38.1,online-boutique,frontend-759775d795-8j9sf
1780612243,11350016,container_memory_working_set_bytes,amd64,linux,/kubepods/burstable/podea647de9-c379-448c-9886-31baf18b924e,minikube,kubernetes-cadvisor,amd64,minikube,linux,c93a4cb9311efc66b90d33ea03f75f2c4120e9b0,minikube,true,2026_05_10T19_19_17_0700,v1.38.1,online-boutique,frontend-759775d795-8j9sf
1780612258,11350016,container_memory_working_set_bytes,amd64,linux,/kubepods/burstable/podea647de9-c379-448c-9886-31baf18b924e,minikube,kubernetes-cadvisor,amd64,minikube,linux,c93a4cb9311efc66b90d33ea03f75f2c4120e9b0,minikube,true,2026_05_10T19_19_17_0700,v1.38.1,online-boutique,frontend-759775d795-8j9sf
1780612273,11350016,container_memory_working_set_bytes,amd64,linux,/kubepods/burstable/podea647de9-c379-448c-9886-31baf18b924e,minikube,kubernetes-cadvisor,amd64,minikube,linux,c93a4cb9311efc66b90d33ea03f75f2c4120e9b0,minikube,true,2026_05_10T19_19_17_0700,v1.38.1,online-boutique,frontend-759775d795-8j9sf
1780612288,11350016,container_memory_working_set_bytes,amd64,linux,/kubepods/burstable/podea647de9-c379-448c-9886-31baf18b924e,minikube,kubernetes-cadvisor,amd64,minikube,linux,c93a4cb9311efc66b90d33ea03f75f2c4120e9b0,minikube,true,2026_05_10T19_19_17_0700,v1.38.1,online-boutique,frontend-759775d795-8j9sf
1780612078,64061440,container_memory_working_set_bytes,amd64,linux,/kubepods/burstable/podef0f4d13-54dc-44c4-bc7c-9f8246a87310,minikube,kubernetes-cadvisor,amd64,minikube,linux,c93a4cb9311efc66b90d33ea03f75f2c4120e9b0,minikube,true,2026_05_10T19_19_17_0700,v1.38.1,online-boutique,cartservice-7956c8c845-x7sqr
1780612093,64061440,container_memory_working_set_bytes,amd64,linux,/kubepods/burstable/podef0f4d13-54dc-44c4-bc7c-9f8246a87310,minikube,kubernetes-cadvisor,amd64,minikube,linux,c93a4cb9311efc66b90d33ea03f75f2c4120e9b0,minikube,true,2026_05_10T19_19_17_0700,v1.38.1,online-boutique,cartservice-7956c8c845-x7sqr
1780612108,64061440,container_memory_working_set_bytes,amd64,linux,/kubepods/burstable/podef0f4d13-54dc-44c4-bc7c-9f8246a87310,minikube,kubernetes-cadvisor,amd64,minikube,linux,c93a4cb9311efc66b90d33ea03f75f2c4120e9b0,minikube,true,2026_05_10T19_19_17_0700,v1.38.1,online-boutique,cartservice-7956c8c845-x7sqr
1780612123,64032768,container_memory_working_set_bytes,amd64,linux,/kubepods/burstable/podef0f4d13-54dc-44c4-bc7c-9f8246a87310,minikube,kubernetes-cadvisor,amd64,minikube,linux,c93a4cb9311efc66b90d33ea03f75f2c4120e9b0,minikube,true,2026_05_10T19_19_17_0700,v1.38.1,online-boutique,cartservice-7956c8c845-x7sqr
1780612138,64094208,container_memory_working_set_bytes,amd64,linux,/kubepods/burstable/podef0f4d13-54dc-44c4-bc7c-9f8246a87310,minikube,kubernetes-cadvisor,amd64,minikube,linux,c93a4cb9311efc66b90d33ea03f75f2c4120e9b0,minikube,true,2026_05_10T19_19_17_0700,v1.38.1,online-boutique,cartservice-7956c8c845-x7sqr
1780612153,64061440,container_memory_working_set_bytes,amd64,linux,/kubepods/burstable/podef0f4d13-54dc-44c4-bc7c-9f8246a87310,minikube,kubernetes-cadvisor,amd64,minikube,linux,c93a4cb9311efc66b90d33ea03f75f2c4120e9b0,minikube,true,2026_05_10T19_19_17_0700,v1.38.1,online-boutique,cartservice-7956c8c845-x7sqr
1780612168,64061440,container_memory_working_set_bytes,amd64,linux,/kubepods/burstable/podef0f4d13-54dc-44c4-bc7c-9f8246a87310,minikube,kubernetes-cadvisor,amd64,minikube,linux,c93a4cb9311efc66b90d33ea03f75f2c4120e9b0,minikube,true,2026_05_10T19_19_17_0700,v1.38.1,online-boutique,cartservice-7956c8c845-x7sqr
1780612183,64110592,container_memory_working_set_bytes,amd64,linux,/kubepods/burstable/podef0f4d13-54dc-44c4-bc7c-9f8246a87310,minikube,kubernetes-cadvisor,amd64,minikube,linux,c93a4cb9311efc66b90d33ea03f75f2c4120e9b0,minikube,true,2026_05_10T19_19_17_0700,v1.38.1,online-boutique,cartservice-7956c8c845-x7sqr
1780612198,64094208,container_memory_working_set_bytes,amd64,linux,/kubepods/burstable/podef0f4d13-54dc-44c4-bc7c-9f8246a87310,minikube,kubernetes-cadvisor,amd64,minikube,linux,c93a4cb9311efc66b90d33ea03f75f2c4120e9b0,minikube,true,2026_05_10T19_19_17_0700,v1.38.1,online-boutique,cartservice-7956c8c845-x7sqr
1780612213,64061440,container_memory_working_set_bytes,amd64,linux,/kubepods/burstable/podef0f4d13-54dc-44c4-bc7c-9f8246a87310,minikube,kubernetes-cadvisor,amd64,minikube,linux,c93a4cb9311efc66b90d33ea03f75f2c4120e9b0,minikube,true,2026_05_10T19_19_17_0700,v1.38.1,online-boutique,cartservice-7956c8c845-x7sqr
1780612228,64061440,container_memory_working_set_bytes,amd64,linux,/kubepods/burstable/podef0f4d13-54dc-44c4-bc7c-9f8246a87310,minikube,kubernetes-cadvisor,amd64,minikube,linux,c93a4cb9311efc66b90d33ea03f75f2c4120e9b0,minikube,true,2026_05_10T19_19_17_0700,v1.38.1,online-boutique,cartservice-7956c8c845-x7sqr
1780612243,64061440,container_memory_working_set_bytes,amd64,linux,/kubepods/burstable/podef0f4d13-54dc-44c4-bc7c-9f8246a87310,minikube,kubernetes-cadvisor,amd64,minikube,linux,c93a4cb9311efc66b90d33ea03f75f2c4120e9b0,minikube,true,2026_05_10T19_19_17_0700,v1.38.1,online-boutique,cartservice-7956c8c845-x7sqr
1780612258,64094208,container_memory_working_set_bytes,amd64,linux,/kubepods/burstable/podef0f4d13-54dc-44c4-bc7c-9f8246a87310,minikube,kubernetes-cadvisor,amd64,minikube,linux,c93a4cb9311efc66b90d33ea03f75f2c4120e9b0,minikube,true,2026_05_10T19_19_17_0700,v1.38.1,online-boutique,cartservice-7956c8c845-x7sqr
1780612273,64122880,container_memory_working_set_bytes,amd64,linux,/kubepods/burstable/podef0f4d13-54dc-44c4-bc7c-9f8246a87310,minikube,kubernetes-cadvisor,amd64,minikube,linux,c93a4cb9311efc66b90d33ea03f75f2c4120e9b0,minikube,true,2026_05_10T19_19_17_0700,v1.38.1,online-boutique,cartservice-7956c8c845-x7sqr
1780612288,64122880,container_memory_working_set_bytes,amd64,linux,/kubepods/burstable/podef0f4d13-54dc-44c4-bc7c-9f8246a87310,minikube,kubernetes-cadvisor,amd64,minikube,linux,c93a4cb9311efc66b90d33ea03f75f2c4120e9b0,minikube,true,2026_05_10T19_19_17_0700,v1.38.1,online-boutique,cartservice-7956c8c845-x7sqr
